Date/Time,5388_O_OHRA,9991_O_ALTO,5635_O_SEWY,8445_O_LNPL,9063_O_COLS,1400_O_MCCA,4749_O_JEFF,9267_O_SQHL
2026-05-01 12:30:00,,,,,,,,792.0
2026-05-01 12:45:00,,,,,,,,667.6
2026-05-01 13:00:00,,,,,,,,599.66666667
2026-05-01 13:15:00,,,,,,,,561.4
2026-05-01 13:30:00,,,,,,,340.66666667,432.0
2026-05-01 13:45:00,,,,,,,168.4,337.13333333
2026-05-01 14:00:00,,,,,,353.66666667,157.33333333,425.33333333
2026-05-01 14:15:00,,,,,,455.13333333,1332.26666667,540.8
2026-05-01 14:30:00,,,,,,547.93333333,552.6,656.46666667
2026-05-01 14:45:00,,,,,,633.06666667,2578.4,670.53333333
2026-05-01 15:00:00,,,,,,781.93333333,982.0,527.93333333
2026-05-01 15:15:00,,,,,,751.73333333,220.13333333,546.6
2026-05-01 15:30:00,,,,,,751.06666667,237.13333333,560.13333333
2026-05-01 15:45:00,,269.13333333,,,,827.33333333,3762.46666667,621.4
2026-05-01 16:00:00,,245.73333333,,,,856.66666667,193.6,809.33333333
2026-05-01 16:15:00,,211.26666667,,,,947.6,1493.73333333,913.2
2026-05-01 16:30:00,,199.73333333,,,,1076.13333333,316.0,919.66666667
2026-05-01 16:45:00,,196.66666667,,,,1070.26666667,2546.8,969.8
2026-05-01 17:00:00,,224.13333333,,,,916.2,1329.26666667,969.53333333
2026-05-01 17:15:00,,205.4,,,,909.06666667,587.2,999.53333333
2026-05-01 17:30:00,,363.6,,,,873.8,597.13333333,1039.86666667
2026-05-01 17:45:00,,356.86666667,,,,893.8,6126.6,892.6
2026-05-01 18:00:00,,387.0,,,,866.86666667,682.73333333,765.0
2026-05-01 18:15:00,,386.86666667,,,,933.26666667,651.8,781.33333333
2026-05-01 18:30:00,,470.46666667,,,,1042.66666667,644.26666667,737.86666667
2026-05-01 18:45:00,,460.33333333,,,,1143.6,631.93333333,738.4
2026-05-01 19:00:00,,550.06666667,,,,479.6,636.13333333,875.06666667
2026-05-01 19:15:00,,532.53333333,,,,370.53333333,5633.53333333,755.33333333
2026-05-01 19:30:00,,637.0,,,,501.0,716.66666667,342.4
2026-05-01 19:45:00,,624.06666667,,,,551.66666667,690.13333333,263.46666667
2026-05-01 20:00:00,,618.2,,,,463.0,491.4,330.53333333
2026-05-01 20:15:00,,684.93333333,,,,255.13333333,861.46666667,358.53333333
2026-05-01 20:30:00,,642.33333333,,,440.28571429,239.2,352.06666667,354.73333333
2026-05-01 20:45:00,,642.6,,,611.06666667,261.4,322.0,231.73333333
2026-05-01 21:00:00,,703.0,,,606.06666667,196.33333333,331.26666667,200.46666667
2026-05-01 21:15:00,,708.73333333,,,769.6,233.93333333,332.4,215.73333333
2026-05-01 21:30:00,,783.53333333,,,765.0,241.0,259.4,230.13333333
2026-05-01 21:45:00,,879.33333333,,,1202.06666667,269.73333333,1908.66666667,210.26666667
2026-05-01 22:00:00,,868.53333333,,,967.8,387.0,151.93333333,212.46666667
2026-05-01 22:15:00,,766.13333333,,,1021.4,420.46666667,150.4,248.53333333
2026-05-01 22:30:00,,717.0,,,1544.73333333,429.8,150.53333333,296.53333333
2026-05-01 22:45:00,,609.13333333,,,1891.53333333,491.13333333,219.0,332.13333333
2026-05-01 23:00:00,,561.53333333,,,1984.0,498.6,266.46666667,385.8
2026-05-01 23:15:00,,565.13333333,,,2190.6,601.66666667,315.4,436.93333333
2026-05-01 23:30:00,,476.0,,,2565.73333333,717.73333333,1886.66666667,478.53333333
2026-05-01 23:45:00,,249.6,,,2546.06666667,809.33333333,3193.13333333,564.0
2026-05-02 00:00:00,,227.93333333,,,2644.13333333,958.46666667,372.73333333,552.26666667
2026-05-02 00:15:00,,188.0,,,2632.46666667,1184.73333333,406.33333333,653.66666667
2026-05-02 00:30:00,,131.33333333,,,2738.2,1293.26666667,610.53333333,745.66666667
2026-05-02 00:45:00,,126.8,,,2769.26666667,1506.6,1010.2,799.0
2026-05-02 01:00:00,,305.53333333,,,2670.66666667,1713.33333333,550.13333333,886.86666667
2026-05-02 01:15:00,,597.4,,,2461.0,1974.26666667,473.06666667,1004.13333333
2026-05-02 01:30:00,,830.4,,,2586.4,2271.4,565.0,1077.53333333
2026-05-02 01:45:00,,826.66666667,,,2834.13333333,2472.33333333,685.66666667,1245.26666667
2026-05-02 02:00:00,,838.8,,,3020.53333333,2596.13333333,638.46666667,1261.73333333
2026-05-02 02:15:00,,831.06666667,,,3348.33333333,2505.0,698.2,1306.26666667
2026-05-02 02:30:00,,900.8,,,3150.86666667,2487.93333333,703.66666667,1277.6
2026-05-02 02:45:00,,1011.13333333,,,3296.6,2614.73333333,735.66666667,1220.86666667
2026-05-02 03:00:00,,1086.13333333,,,3251.73333333,2761.8,796.0,1316.26666667
2026-05-02 03:15:00,,1094.86666667,,,3169.33333333,2553.13333333,862.73333333,1394.6
2026-05-02 03:30:00,,1097.33333333,,,2916.53333333,2755.13333333,1252.06666667,1590.46666667
2026-05-02 03:45:00,,1042.26666667,,,2687.8,2634.86666667,1371.73333333,1575.93333333
2026-05-02 04:00:00,,1088.53333333,,,2271.73333333,3101.93333333,1421.73333333,1591.0
2026-05-02 04:15:00,,1170.2,,,1899.86666667,3811.93333333,1467.86666667,1758.93333333
2026-05-02 04:30:00,,1260.93333333,,,1888.66666667,3850.33333333,1388.33333333,1814.93333333
2026-05-02 04:45:00,,1326.0,,,1946.26666667,3790.6,1762.6,2039.26666667
2026-05-02 05:00:00,,1276.2,,,1787.33333333,4014.13333333,1611.4,2308.93333333
2026-05-02 05:15:00,,1246.4,,,1614.6,3946.46666667,1816.4,2616.26666667
2026-05-02 05:30:00,,1230.46666667,,,1578.86666667,3785.8,2190.06666667,2891.93333333
2026-05-02 05:45:00,,1230.93333333,,,1539.4,3892.13333333,3247.13333333,3201.2
2026-05-02 06:00:00,,1331.0,,,1456.66666667,4280.6,2321.33333333,3272.13333333
2026-05-02 06:15:00,,1855.6,,,1443.13333333,4511.46666667,1548.06666667,3461.2
2026-05-02 06:30:00,,1942.2,,,1438.6,4539.93333333,2001.66666667,4116.53333333
2026-05-02 06:45:00,,1608.06666667,,,1401.6,4566.4,1771.33333333,4197.6
2026-05-02 07:00:00,,1393.53333333,,,1183.26666667,4430.86666667,2152.86666667,4429.93333333
2026-05-02 07:15:00,,1279.13333333,,,895.33333333,4682.26666667,2382.4,4983.86666667
2026-05-02 07:30:00,,1238.86666667,,,585.26666667,4660.86666667,2801.73333333,5680.06666667
2026-05-02 07:45:00,,1210.06666667,,,570.86666667,5687.33333333,2443.06666667,6184.46666667
2026-05-02 08:00:00,,1186.4,,,506.13333333,6303.0,2747.4,6355.06666667
2026-05-02 08:15:00,,1178.73333333,,,445.33333333,6083.8,2740.53333333,5859.8
2026-05-02 08:30:00,,1147.0,,,399.33333333,6182.8,2697.6,5870.6
2026-05-02 08:45:00,,1122.0,,,399.73333333,5530.53333333,7908.33333333,5475.6
2026-05-02 09:00:00,,1206.2,,,428.46666667,4985.6,2418.66666667,4814.73333333
2026-05-02 09:15:00,,1070.66666667,,,522.6,4340.73333333,5352.33333333,3702.26666667
2026-05-02 09:30:00,,978.26666667,,,586.13333333,3453.13333333,1908.0,3460.13333333
2026-05-02 09:45:00,,908.8,,,520.93333333,2822.6,1079.6,2698.8
2026-05-02 10:00:00,,836.33333333,,,427.2,2673.33333333,1052.73333333,2175.33333333
2026-05-02 10:15:00,784.14285714,729.46666667,,,380.93333333,2526.4,810.73333333,1971.13333333
2026-05-02 10:30:00,1326.93333333,611.4,,,378.26666667,2636.93333333,3586.93333333,1845.73333333
2026-05-02 10:45:00,1290.26666667,572.0,,,344.73333333,2944.46666667,686.73333333,1606.93333333
2026-05-02 11:00:00,1304.6,584.66666667,,,336.53333333,2601.66666667,1339.0,1370.13333333
2026-05-02 11:15:00,1940.73333333,592.53333333,,,281.86666667,2055.2,865.13333333,1531.73333333
2026-05-02 11:30:00,1876.13333333,611.93333333,,,282.66666667,1217.53333333,4507.2,1347.8
2026-05-02 11:45:00,1706.66666667,585.06666667,,,231.93333333,1915.93333333,674.93333333,1281.0
2026-05-02 12:00:00,1573.13333333,558.53333333,,,190.53333333,2119.26666667,491.46666667,1126.53333333
2026-05-02 12:15:00,1510.86666667,602.53333333,,,176.93333333,1959.33333333,892.93333333,1025.33333333
2026-05-02 12:30:00,1817.93333333,716.06666667,,,157.0,1869.8,553.86666667,1256.13333333
2026-05-02 12:45:00,2472.6,707.53333333,,,168.93333333,1800.4,504.26666667,1504.6
2026-05-02 13:00:00,2383.26666667,730.2,,,173.2,1525.4,2502.8,1790.33333333
2026-05-02 13:15:00,2294.93333333,755.0,,,183.6,1444.33333333,401.26666667,1729.93333333
2026-05-02 13:30:00,1995.2,897.26666667,,,188.0,1404.6,412.46666667,1460.53333333
2026-05-02 13:45:00,1515.6,838.26666667,,,164.33333333,1237.26666667,515.46666667,1361.13333333
2026-05-02 14:00:00,1093.4,725.13333333,,,168.66666667,1134.46666667,376.06666667,1145.6
2026-05-02 14:15:00,977.8,727.06666667,,,173.0,1079.46666667,389.53333333,1100.33333333
2026-05-02 14:30:00,909.66666667,976.0,,,171.0,975.8,3439.2,1074.8
2026-05-02 14:45:00,886.53333333,924.2,,,173.33333333,901.2,390.06666667,1058.66666667
2026-05-02 15:00:00,785.46666667,1066.93333333,,,162.86666667,748.33333333,391.4,1757.2
2026-05-02 15:15:00,733.8,944.6,,,163.06666667,713.53333333,380.2,1784.0
2026-05-02 15:30:00,705.26666667,761.46666667,,,183.0,715.26666667,2218.4,944.2
2026-05-02 15:45:00,674.06666667,634.46666667,,,187.73333333,724.4,322.2,873.73333333
2026-05-02 16:00:00,641.26666667,679.13333333,,,219.06666667,523.26666667,416.66666667,744.66666667
2026-05-02 16:15:00,610.93333333,767.46666667,,,205.53333333,409.53333333,843.4,762.86666667
2026-05-02 16:30:00,566.8,925.66666667,,526.33333333,185.06666667,407.66666667,1215.13333333,719.4
2026-05-02 16:45:00,505.86666667,1048.53333333,,675.06666667,182.66666667,403.26666667,778.26666667,676.4
2026-05-02 17:00:00,409.33333333,1111.66666667,,692.46666667,171.6,359.2,780.93333333,529.46666667
2026-05-02 17:15:00,336.93333333,945.13333333,,610.0,181.26666667,322.86666667,665.93333333,463.26666667
2026-05-02 17:30:00,439.53333333,788.6,,515.6,193.8,228.8,627.0,432.53333333
2026-05-02 17:45:00,342.73333333,760.86666667,,465.33333333,255.33333333,274.66666667,739.93333333,436.0
2026-05-02 18:00:00,323.4,755.13333333,,472.8,199.13333333,315.93333333,839.73333333,397.0
2026-05-02 18:15:00,289.4,784.66666667,,436.4,279.53333333,291.66666667,860.6,326.66666667
2026-05-02 18:30:00,235.26666667,780.13333333,,435.6,215.26666667,286.8,760.13333333,285.8
2026-05-02 18:45:00,252.73333333,784.4,,347.53333333,160.2,262.66666667,756.33333333,297.06666667
2026-05-02 19:00:00,332.46666667,750.73333333,,340.86666667,183.13333333,257.73333333,1845.73333333,325.66666667
2026-05-02 19:15:00,257.33333333,701.26666667,,327.46666667,216.93333333,323.0,1505.86666667,292.4
2026-05-02 19:30:00,257.93333333,825.66666667,,287.73333333,261.53333333,300.53333333,1827.13333333,307.0
2026-05-02 19:45:00,334.6,629.8,,384.86666667,193.33333333,496.93333333,1815.4,311.33333333
2026-05-02 20:00:00,281.46666667,553.53333333,,291.26666667,228.26666667,393.6,3305.66666667,315.2
2026-05-02 20:15:00,1392.66666667,655.6,,311.26666667,251.6,404.13333333,735.93333333,321.86666667
2026-05-02 20:30:00,302.53333333,678.6,,349.33333333,364.86666667,558.0,392.2,342.53333333
2026-05-02 20:45:00,312.73333333,640.8,,324.73333333,430.46666667,372.4,387.53333333,350.93333333
2026-05-02 21:00:00,311.93333333,616.0,,326.6,712.53333333,388.2,388.73333333,359.66666667
2026-05-02 21:15:00,308.06666667,578.0,,389.73333333,653.6,1567.06666667,369.8,353.93333333
2026-05-02 21:30:00,306.66666667,501.0,,521.33333333,394.66666667,1062.13333333,786.6,380.33333333
2026-05-02 21:45:00,354.13333333,442.46666667,,536.2,433.93333333,563.46666667,1246.66666667,407.33333333
2026-05-02 22:00:00,356.46666667,539.73333333,,562.4,755.86666667,412.13333333,4479.26666667,526.33333333
2026-05-02 22:15:00,374.93333333,352.73333333,,558.46666667,2393.46666667,404.13333333,1774.6,471.8
2026-05-02 22:30:00,459.2,279.46666667,,538.13333333,870.0,405.8,457.86666667,475.6
2026-05-02 22:45:00,557.26666667,299.33333333,,579.86666667,704.4,429.66666667,619.33333333,513.33333333
2026-05-02 23:00:00,984.33333333,379.13333333,,572.26666667,911.46666667,643.06666667,5458.53333333,513.26666667
2026-05-02 23:15:00,881.46666667,303.86666667,,667.26666667,1164.53333333,830.93333333,3239.93333333,531.0
2026-05-02 23:30:00,563.46666667,309.06666667,,817.33333333,1512.6,882.73333333,3858.53333333,557.4
2026-05-02 23:45:00,648.6,308.73333333,,842.33333333,1387.6,891.93333333,671.93333333,611.53333333
2026-05-03 00:00:00,521.2,332.86666667,,810.8,1445.93333333,852.8,552.93333333,671.73333333
2026-05-03 00:15:00,605.0,360.13333333,,791.33333333,1055.0,857.0,554.73333333,742.06666667
2026-05-03 00:30:00,620.53333333,381.46666667,,730.73333333,1093.8,880.4,631.06666667,742.13333333
2026-05-03 00:45:00,701.33333333,432.8,,828.26666667,1142.13333333,917.0,622.66666667,842.26666667
2026-05-03 01:00:00,668.8,421.73333333,,885.13333333,1104.26666667,973.06666667,650.33333333,922.6
2026-05-03 01:15:00,747.73333333,457.06666667,,947.0,1044.86666667,1001.53333333,1706.66666667,996.66666667
2026-05-03 01:30:00,629.2,485.66666667,,977.8,943.53333333,1046.66666667,836.66666667,973.0
2026-05-03 01:45:00,674.86666667,502.4,,984.26666667,909.73333333,1077.53333333,1033.33333333,979.2
2026-05-03 02:00:00,726.53333333,542.0,,920.73333333,921.0,1048.26666667,1256.46666667,974.26666667
2026-05-03 02:15:00,721.33333333,542.0,,906.6,935.13333333,1059.8,1200.0,935.66666667
2026-05-03 02:30:00,738.33333333,588.8,,933.33333333,926.93333333,1068.66666667,1123.53333333,925.26666667
2026-05-03 02:45:00,820.0,595.73333333,,937.73333333,1124.73333333,1047.0,932.86666667,977.53333333
2026-05-03 03:00:00,825.0,629.0,,878.86666667,1707.06666667,1054.86666667,760.93333333,947.4
2026-05-03 03:15:00,940.13333333,637.2,,875.86666667,1367.73333333,1013.6,801.53333333,939.2
2026-05-03 03:30:00,1033.06666667,641.2,,880.93333333,947.06666667,1021.26666667,1029.86666667,938.8
2026-05-03 03:45:00,1059.33333333,704.26666667,,901.26666667,863.8,1027.66666667,1276.66666667,1021.13333333
2026-05-03 04:00:00,1012.2,758.66666667,,948.8,907.8,1032.0,1494.73333333,1063.86666667
2026-05-03 04:15:00,1048.13333333,836.46666667,,1060.26666667,915.2,1163.66666667,1197.06666667,1050.8
2026-05-03 04:30:00,1032.66666667,958.06666667,,1160.73333333,869.8,1189.66666667,1293.2,1002.86666667
2026-05-03 04:45:00,1073.6,1011.0,,1186.8,869.4,1191.66666667,1408.0,1029.86666667
2026-05-03 05:00:00,1128.06666667,1043.66666667,,1273.4,898.13333333,1216.53333333,1452.2,1097.86666667
2026-05-03 05:15:00,1195.8,1063.33333333,,1405.26666667,929.33333333,1233.0,1387.53333333,1182.0
2026-05-03 05:30:00,1261.93333333,1068.2,,1511.13333333,950.93333333,1240.86666667,1435.86666667,1279.66666667
2026-05-03 05:45:00,1302.46666667,975.53333333,,1582.86666667,972.06666667,1288.46666667,1514.06666667,1366.8
2026-05-03 06:00:00,1392.66666667,965.8,,1658.4,1005.73333333,1270.86666667,1650.06666667,1421.8
2026-05-03 06:15:00,1454.93333333,908.6,,1687.2,1139.33333333,1374.73333333,1723.6,1413.13333333
2026-05-03 06:30:00,1476.53333333,841.86666667,,1630.13333333,1148.93333333,1410.66666667,1751.8,1423.4
2026-05-03 06:45:00,1496.86666667,824.13333333,,1552.33333333,1183.93333333,1419.4,1731.73333333,1387.66666667
2026-05-03 07:00:00,1532.2,889.06666667,,1456.46666667,1212.53333333,1420.73333333,1781.2,1313.6
2026-05-03 07:15:00,1605.06666667,868.6,,1457.13333333,1013.86666667,1350.53333333,1629.93333333,1285.73333333
2026-05-03 07:30:00,1470.2,761.26666667,,1362.4,792.06666667,1236.86666667,1422.26666667,1207.2
2026-05-03 07:45:00,1361.06666667,680.93333333,,1209.06666667,848.33333333,1114.33333333,1356.4,1119.4
2026-05-03 08:00:00,1277.46666667,645.0,,1091.26666667,982.8,1016.06666667,1164.53333333,1043.53333333
2026-05-03 08:15:00,1128.4,633.73333333,,960.4,1197.53333333,888.73333333,1067.06666667,955.6
2026-05-03 08:30:00,955.8,581.33333333,,855.0,1556.2,779.4,1082.2,920.6
2026-05-03 08:45:00,836.8,530.93333333,,796.06666667,1422.2,651.93333333,4088.8,816.2
2026-05-03 09:00:00,755.2,478.53333333,,723.93333333,912.33333333,574.6,2299.53333333,735.6
2026-05-03 09:15:00,699.66666667,462.66666667,,668.66666667,788.93333333,527.6,1483.73333333,693.2
2026-05-03 09:30:00,618.2,438.53333333,,597.46666667,773.66666667,487.0,1194.26666667,589.06666667
2026-05-03 09:45:00,510.06666667,417.06666667,,513.46666667,868.0,434.93333333,3488.2,517.33333333
2026-05-03 10:00:00,464.4,600.86666667,,482.06666667,926.8,418.13333333,514.73333333,473.86666667
2026-05-03 10:15:00,397.73333333,422.2,,498.2,932.2,377.86666667,730.53333333,493.86666667
2026-05-03 10:30:00,380.13333333,422.66666667,,471.73333333,907.06666667,339.0,1353.8,495.2
2026-05-03 10:45:00,330.13333333,385.4,,433.53333333,807.86666667,301.6,1848.0,389.2
2026-05-03 11:00:00,302.26666667,373.53333333,,423.53333333,682.8,277.26666667,535.73333333,334.6
2026-05-03 11:15:00,333.86666667,356.73333333,,414.13333333,582.6,274.33333333,4528.2,343.86666667
2026-05-03 11:30:00,301.86666667,354.06666667,,453.2,571.13333333,273.13333333,1470.33333333,323.53333333
2026-05-03 11:45:00,295.66666667,374.26666667,,445.66666667,547.4,265.46666667,577.53333333,326.4
2026-05-03 12:00:00,288.33333333,336.2,,452.0,497.4,252.46666667,505.86666667,493.26666667
2026-05-03 12:15:00,295.26666667,322.86666667,,433.0,405.8,260.66666667,406.6,369.8
2026-05-03 12:30:00,298.53333333,327.4,,522.33333333,388.73333333,306.86666667,334.46666667,379.66666667
2026-05-03 12:45:00,322.4,294.53333333,,494.53333333,389.33333333,299.26666667,2795.06666667,334.66666667
2026-05-03 13:00:00,318.46666667,285.33333333,,455.8,370.4,320.86666667,641.6,342.4
2026-05-03 13:15:00,333.13333333,277.06666667,,453.4,385.0,363.46666667,497.86666667,364.13333333
2026-05-03 13:30:00,353.0,279.66666667,,479.4,351.0,347.2,524.53333333,376.73333333
2026-05-03 13:45:00,365.46666667,283.13333333,,516.13333333,355.06666667,349.8,375.06666667,369.8
2026-05-03 14:00:00,370.8,293.46666667,,513.86666667,340.26666667,357.6,371.06666667,397.13333333
2026-05-03 14:15:00,362.26666667,299.13333333,,522.2,357.66666667,363.6,543.8,402.06666667
2026-05-03 14:30:00,9444.46666667,301.6,,502.73333333,396.33333333,384.93333333,1581.8,400.33333333
2026-05-03 14:45:00,1890.8,297.0,,472.33333333,331.0,412.93333333,3285.6,380.26666667
2026-05-03 15:00:00,372.46666667,302.73333333,,441.86666667,315.8,438.0,3427.93333333,376.33333333
2026-05-03 15:15:00,373.8,304.26666667,,479.0,328.8,412.93333333,1132.4,378.26666667
2026-05-03 15:30:00,368.33333333,309.4,,466.6,337.13333333,407.86666667,532.93333333,367.33333333
2026-05-03 15:45:00,383.26666667,319.46666667,,482.6,362.46666667,381.73333333,433.66666667,406.73333333
2026-05-03 16:00:00,372.73333333,310.46666667,,467.2,392.86666667,726.13333333,1381.4,397.2
2026-05-03 16:15:00,382.13333333,329.6,,475.93333333,377.86666667,425.13333333,2531.33333333,366.93333333
2026-05-03 16:30:00,364.93333333,380.46666667,,475.73333333,409.2,396.2,2957.86666667,367.86666667
2026-05-03 16:45:00,344.86666667,322.86666667,,450.73333333,384.2,1158.66666667,3394.0,366.2
2026-05-03 17:00:00,336.8,335.53333333,,469.06666667,418.6,385.46666667,3585.8,342.53333333
2026-05-03 17:15:00,329.0,332.93333333,,423.6,424.6,301.8,1156.33333333,330.53333333
2026-05-03 17:30:00,702.13333333,320.06666667,,390.46666667,423.2,305.73333333,1332.93333333,319.06666667
2026-05-03 17:45:00,406.86666667,328.86666667,,343.6,425.06666667,321.53333333,415.6,330.33333333
2026-05-03 18:00:00,318.66666667,328.93333333,,402.73333333,402.33333333,296.66666667,4078.53333333,349.2
2026-05-03 18:15:00,307.2,339.53333333,,412.93333333,362.73333333,298.33333333,469.4,306.8
2026-05-03 18:30:00,301.46666667,358.86666667,,363.26666667,396.6,344.26666667,365.2,347.66666667
2026-05-03 18:45:00,311.33333333,377.33333333,,293.13333333,411.4,319.93333333,1440.86666667,334.93333333
2026-05-03 19:00:00,319.0,381.2,,295.33333333,432.13333333,323.2,3559.6,316.8
2026-05-03 19:15:00,317.33333333,378.53333333,,352.0,402.6,308.26666667,367.73333333,324.53333333
2026-05-03 19:30:00,313.46666667,379.2,264.42857143,727.53333333,499.6,314.06666667,286.06666667,326.2
2026-05-03 19:45:00,311.73333333,380.46666667,276.93333333,532.13333333,506.86666667,317.53333333,279.53333333,340.73333333
2026-05-03 20:00:00,397.13333333,514.73333333,282.8,386.06666667,529.2,312.33333333,283.93333333,327.8
2026-05-03 20:15:00,496.06666667,533.13333333,284.26666667,359.13333333,540.06666667,304.26666667,285.2,355.2
2026-05-03 20:30:00,467.6,473.0,288.6,377.73333333,515.2,309.13333333,302.4,367.4
2026-05-03 20:45:00,483.73333333,479.86666667,319.93333333,507.66666667,606.2,324.8,321.46666667,342.86666667
2026-05-03 21:00:00,472.06666667,500.06666667,356.46666667,418.53333333,580.13333333,330.26666667,354.2,345.26666667
2026-05-03 21:15:00,458.26666667,432.86666667,373.93333333,561.86666667,536.13333333,367.2,362.0,376.4
2026-05-03 21:30:00,454.33333333,428.33333333,394.4,487.93333333,566.73333333,377.73333333,2743.53333333,417.2
2026-05-03 21:45:00,548.93333333,1282.46666667,381.33333333,451.2,633.2,415.53333333,3287.93333333,447.4
2026-05-03 22:00:00,523.33333333,1697.13333333,391.93333333,625.73333333,709.4,497.33333333,2902.66666667,469.53333333
2026-05-03 22:15:00,547.13333333,1466.6,396.06666667,520.8,753.33333333,562.2,1850.53333333,506.06666667
2026-05-03 22:30:00,530.73333333,1192.06666667,376.8,455.86666667,915.26666667,693.06666667,1367.6,494.73333333
2026-05-03 22:45:00,522.66666667,1183.66666667,383.06666667,374.73333333,927.86666667,617.53333333,1188.6,462.46666667
2026-05-03 23:00:00,515.33333333,833.0,396.6,390.73333333,847.2,673.86666667,961.46666667,431.73333333
2026-05-03 23:15:00,514.13333333,729.53333333,406.93333333,411.2,773.8,635.73333333,725.8,402.26666667
2026-05-03 23:30:00,559.93333333,684.06666667,432.8,366.6,717.66666667,594.86666667,717.73333333,389.66666667
2026-05-03 23:45:00,567.8,666.93333333,432.86666667,368.0,640.06666667,531.93333333,703.06666667,364.13333333
2026-05-04 00:00:00,587.93333333,730.26666667,479.93333333,362.0,514.86666667,482.66666667,689.46666667,366.8
2026-05-04 00:15:00,559.26666667,693.0,467.33333333,360.73333333,508.0,463.0,753.86666667,357.4
2026-05-04 00:30:00,755.06666667,838.46666667,416.46666667,354.66666667,505.6,438.6,1034.93333333,355.13333333
2026-05-04 00:45:00,526.93333333,844.86666667,425.93333333,361.33333333,480.13333333,437.66666667,708.26666667,371.6
2026-05-04 01:00:00,509.0,803.6,476.4,359.86666667,446.8,447.66666667,678.73333333,383.93333333
2026-05-04 01:15:00,486.13333333,785.06666667,540.0,349.33333333,445.53333333,467.33333333,705.33333333,374.6
2026-05-04 01:30:00,458.8,824.8,497.93333333,345.26666667,433.06666667,484.2,734.73333333,360.6
2026-05-04 01:45:00,432.8,754.33333333,457.13333333,347.86666667,449.86666667,467.13333333,731.93333333,357.13333333
2026-05-04 02:00:00,397.4,705.33333333,448.06666667,356.66666667,455.13333333,473.26666667,613.66666667,354.06666667
2026-05-04 02:15:00,422.4,653.8,442.06666667,344.53333333,469.33333333,513.33333333,526.4,349.0
2026-05-04 02:30:00,459.2,622.13333333,446.66666667,342.53333333,465.13333333,461.4,420.0,348.8
2026-05-04 02:45:00,612.06666667,624.53333333,442.33333333,331.13333333,452.13333333,437.4,408.86666667,358.4
2026-05-04 03:00:00,418.4,608.06666667,428.33333333,349.93333333,463.8,428.33333333,863.8,384.53333333
2026-05-04 03:15:00,419.73333333,597.13333333,421.33333333,376.13333333,468.73333333,427.8,763.26666667,411.6
2026-05-04 03:30:00,432.06666667,606.26666667,419.93333333,414.86666667,552.93333333,444.73333333,787.33333333,411.06666667
2026-05-04 03:45:00,412.73333333,659.8,428.53333333,447.13333333,460.26666667,450.06666667,952.46666667,407.33333333
2026-05-04 04:00:00,404.0,701.73333333,432.4,440.73333333,459.06666667,439.6,791.4,425.73333333
2026-05-04 04:15:00,429.46666667,705.06666667,452.93333333,440.73333333,474.6,428.13333333,948.4,448.2
2026-05-04 04:30:00,445.53333333,676.53333333,462.53333333,453.8,478.0,411.53333333,368.26666667,398.46666667
2026-05-04 04:45:00,435.2,675.2,459.53333333,482.93333333,480.6,416.73333333,375.4,393.06666667
2026-05-04 05:00:00,418.33333333,715.46666667,454.73333333,478.46666667,522.86666667,425.06666667,377.8,383.53333333
2026-05-04 05:15:00,436.13333333,686.4,461.2,440.46666667,571.93333333,425.73333333,380.4,414.6
2026-05-04 05:30:00,430.13333333,698.8,463.0,419.06666667,575.33333333,412.06666667,385.4,524.4
2026-05-04 05:45:00,451.2,730.33333333,457.06666667,405.13333333,591.06666667,470.73333333,393.33333333,468.13333333
2026-05-04 06:00:00,459.66666667,719.8,453.4,401.0,587.66666667,467.4,393.8,490.06666667
2026-05-04 06:15:00,461.33333333,1000.46666667,452.4,395.86666667,633.53333333,416.4,401.8,690.26666667
2026-05-04 06:30:00,500.46666667,811.6,446.06666667,389.06666667,684.93333333,402.73333333,409.53333333,810.13333333
2026-05-04 06:45:00,486.53333333,691.86666667,441.73333333,405.2,696.26666667,407.2,390.93333333,628.66666667
2026-05-04 07:00:00,442.53333333,663.93333333,444.4,416.33333333,792.33333333,419.46666667,1681.4,705.93333333
2026-05-04 07:15:00,416.06666667,628.8,430.46666667,451.66666667,663.46666667,414.4,3284.6,521.33333333
2026-05-04 07:30:00,438.13333333,601.6,417.8,465.53333333,614.66666667,398.6,366.86666667,543.4
2026-05-04 07:45:00,489.06666667,613.66666667,416.6,422.4,689.33333333,388.53333333,357.6,519.33333333
2026-05-04 08:00:00,470.06666667,604.66666667,376.93333333,397.26666667,789.73333333,384.73333333,360.73333333,455.33333333
2026-05-04 08:15:00,471.2,589.8,369.26666667,376.6,635.4,373.73333333,359.2,402.33333333
2026-05-04 08:30:00,473.2,590.53333333,380.6,378.4,552.06666667,371.53333333,3720.86666667,410.13333333
2026-05-04 08:45:00,439.73333333,580.33333333,349.06666667,401.2,515.8,363.0,492.93333333,405.66666667
2026-05-04 09:00:00,450.73333333,517.13333333,333.66666667,391.93333333,511.0,350.8,1018.33333333,387.6
2026-05-04 09:15:00,422.06666667,426.66666667,334.26666667,419.66666667,540.53333333,343.06666667,1204.86666667,369.8
2026-05-04 09:30:00,383.93333333,398.6,339.46666667,375.93333333,570.0,333.86666667,298.73333333,354.13333333
2026-05-04 09:45:00,353.93333333,390.93333333,342.4,372.6,543.33333333,336.93333333,2663.2,364.0
2026-05-04 10:00:00,371.2,368.66666667,351.93333333,389.4,456.4,340.0,354.13333333,368.33333333
2026-05-04 10:15:00,392.06666667,364.8,348.13333333,388.2,453.66666667,346.86666667,324.46666667,360.93333333
2026-05-04 10:30:00,366.2,352.6,352.06666667,421.0,452.6,362.4,323.4,371.86666667
2026-05-04 10:45:00,361.6,371.73333333,364.93333333,381.2,450.0,365.33333333,335.13333333,356.26666667
2026-05-04 11:00:00,358.73333333,359.6,387.4,607.66666667,508.73333333,364.93333333,358.93333333,361.73333333
2026-05-04 11:15:00,363.06666667,345.13333333,396.4,379.93333333,420.93333333,353.86666667,357.2,361.0
2026-05-04 11:30:00,370.73333333,347.53333333,379.53333333,381.66666667,424.53333333,367.06666667,2094.93333333,376.66666667
2026-05-04 11:45:00,391.33333333,337.26666667,386.53333333,626.2,427.6,363.8,355.46666667,370.26666667
2026-05-04 12:00:00,588.26666667,357.86666667,386.33333333,431.53333333,444.86666667,361.33333333,534.93333333,354.4
2026-05-04 12:15:00,397.93333333,348.6,393.4,401.2,417.26666667,369.33333333,561.33333333,351.46666667
2026-05-04 12:30:00,381.8,352.06666667,392.2,409.93333333,416.06666667,369.2,359.66666667,375.6
2026-05-04 12:45:00,399.2,352.73333333,384.86666667,520.06666667,397.73333333,370.66666667,364.26666667,386.06666667
2026-05-04 13:00:00,418.2,338.93333333,391.33333333,453.93333333,390.33333333,373.26666667,384.13333333,379.66666667
2026-05-04 13:15:00,458.0,342.4,394.73333333,428.6,372.53333333,372.2,403.13333333,379.73333333
2026-05-04 13:30:00,390.66666667,345.0,393.13333333,457.33333333,369.8,366.8,423.26666667,379.6
2026-05-04 13:45:00,398.26666667,332.2,401.06666667,404.26666667,356.8,370.46666667,392.53333333,376.53333333
2026-05-04 14:00:00,395.2,326.33333333,394.2,408.13333333,441.33333333,360.4,393.8,376.6
2026-05-04 14:15:00,386.13333333,337.6,401.2,423.53333333,391.33333333,367.6,1951.13333333,370.73333333
2026-05-04 14:30:00,385.93333333,327.46666667,386.93333333,423.26666667,362.66666667,372.66666667,1746.4,363.73333333
2026-05-04 14:45:00,388.13333333,338.8,389.93333333,405.93333333,403.66666667,380.26666667,1177.8,372.73333333
2026-05-04 15:00:00,378.6,329.0,375.2,366.66666667,357.06666667,363.0,3053.4,374.06666667
2026-05-04 15:15:00,374.73333333,319.53333333,370.26666667,353.93333333,377.4,358.86666667,1412.06666667,356.46666667
2026-05-04 15:30:00,393.6,362.8,376.13333333,379.26666667,396.0,353.26666667,3343.6,367.8
2026-05-04 15:45:00,398.8,373.13333333,366.46666667,363.53333333,454.93333333,357.46666667,771.53333333,357.2
2026-05-04 16:00:00,424.4,353.46666667,363.06666667,357.93333333,376.8,348.4,585.66666667,361.93333333
2026-05-04 16:15:00,380.46666667,354.4,353.86666667,352.2,357.86666667,340.53333333,489.46666667,348.66666667
2026-05-04 16:30:00,376.2,350.2,371.2,359.26666667,347.26666667,334.53333333,450.13333333,349.26666667
2026-05-04 16:45:00,381.33333333,323.33333333,364.8,366.73333333,288.2,344.8,2678.66666667,357.93333333
2026-05-04 17:00:00,377.2,317.66666667,360.73333333,353.8,307.13333333,353.33333333,662.2,344.4
2026-05-04 17:15:00,375.26666667,346.0,350.4,376.13333333,415.73333333,332.13333333,348.33333333,359.4
2026-05-04 17:30:00,376.06666667,326.93333333,348.66666667,368.33333333,345.13333333,328.26666667,346.73333333,360.86666667
2026-05-04 17:45:00,376.06666667,308.0,342.06666667,328.0,322.66666667,340.8,4864.4,369.0
2026-05-04 18:00:00,378.33333333,310.13333333,353.8,376.86666667,340.53333333,352.13333333,1226.86666667,375.13333333
2026-05-04 18:15:00,400.13333333,320.8,361.13333333,378.53333333,335.86666667,342.66666667,506.6,379.2
2026-05-04 18:30:00,393.4,313.26666667,405.13333333,377.53333333,338.33333333,339.93333333,744.93333333,384.6
2026-05-04 18:45:00,416.46666667,305.2,388.53333333,357.8,340.2,352.06666667,1221.26666667,417.26666667
2026-05-04 19:00:00,481.53333333,311.13333333,377.6,398.53333333,360.2,344.93333333,1267.4,426.06666667
2026-05-04 19:15:00,565.33333333,320.2,389.93333333,379.13333333,360.53333333,350.26666667,400.13333333,405.93333333
2026-05-04 19:30:00,464.06666667,341.66666667,388.0,352.0,354.8,370.86666667,1878.33333333,372.8
2026-05-04 19:45:00,457.66666667,361.86666667,373.8,351.6,342.0,380.8,362.0,363.2
2026-05-04 20:00:00,394.6,362.8,370.8,348.73333333,372.13333333,356.86666667,352.6,442.86666667
2026-05-04 20:15:00,441.66666667,346.86666667,376.6,367.86666667,402.86666667,349.2,367.73333333,422.6
2026-05-04 20:30:00,379.6,331.86666667,373.73333333,372.33333333,428.2,351.4,344.86666667,365.8
2026-05-04 20:45:00,389.06666667,324.8,373.53333333,346.93333333,450.2,342.2,374.13333333,360.46666667
2026-05-04 21:00:00,361.46666667,327.33333333,369.6,359.0,451.53333333,346.66666667,367.4,356.33333333
2026-05-04 21:15:00,364.8,335.6,378.06666667,345.73333333,470.33333333,351.06666667,381.2,351.86666667
2026-05-04 21:30:00,384.53333333,376.46666667,381.6,364.26666667,487.93333333,352.66666667,2212.93333333,340.4
2026-05-04 21:45:00,402.6,374.46666667,381.6,359.26666667,481.6,346.26666667,510.0,342.06666667
2026-05-04 22:00:00,1017.13333333,383.26666667,385.93333333,363.06666667,483.66666667,339.93333333,636.26666667,346.2
2026-05-04 22:15:00,567.8,431.73333333,382.46666667,350.46666667,495.0,340.53333333,418.4,350.86666667
2026-05-04 22:30:00,458.6,554.66666667,398.86666667,362.4,504.73333333,338.26666667,382.6,368.2
2026-05-04 22:45:00,396.13333333,460.06666667,404.2,384.06666667,495.2,351.6,390.0,375.66666667
2026-05-04 23:00:00,362.53333333,355.0,407.6,361.73333333,454.53333333,364.4,392.33333333,372.53333333
2026-05-04 23:15:00,350.6,370.66666667,397.93333333,384.26666667,433.73333333,356.93333333,389.8,367.26666667
2026-05-04 23:30:00,370.06666667,349.53333333,396.46666667,380.8,424.46666667,373.33333333,390.73333333,354.33333333
2026-05-04 23:45:00,384.0,386.66666667,399.8,393.66666667,422.86666667,380.13333333,379.33333333,352.6
2026-05-05 00:00:00,380.4,443.0,403.06666667,391.53333333,427.13333333,378.0,368.86666667,374.4
2026-05-05 00:15:00,395.6,464.26666667,404.33333333,387.46666667,425.6,466.6,366.4,377.66666667
2026-05-05 00:30:00,402.6,487.33333333,400.33333333,384.26666667,434.2,533.73333333,364.2,375.26666667
2026-05-05 00:45:00,402.6,541.93333333,399.06666667,372.66666667,452.93333333,493.73333333,373.66666667,384.6
2026-05-05 01:00:00,429.53333333,730.86666667,414.8,372.0,444.0,435.06666667,390.33333333,377.0
2026-05-05 01:15:00,400.86666667,1015.73333333,421.33333333,365.93333333,448.4,393.46666667,477.8,370.33333333
2026-05-05 01:30:00,405.66666667,728.13333333,413.0,368.73333333,449.4,377.86666667,466.4,358.4
2026-05-05 01:45:00,390.0,680.66666667,410.33333333,366.93333333,449.73333333,370.33333333,479.06666667,356.2
2026-05-05 02:00:00,382.73333333,2670.13333333,416.33333333,366.26666667,450.93333333,372.6,461.8,356.73333333
2026-05-05 02:15:00,375.8,696.86666667,410.33333333,373.2,442.53333333,400.8,473.13333333,363.2
2026-05-05 02:30:00,376.4,502.0,419.4,373.73333333,452.33333333,511.8,483.0,364.66666667
2026-05-05 02:45:00,383.86666667,594.73333333,553.66666667,377.33333333,442.33333333,547.33333333,487.73333333,362.26666667
2026-05-05 03:00:00,645.4,572.73333333,584.6,388.73333333,448.86666667,508.93333333,481.73333333,374.26666667
2026-05-05 03:15:00,627.66666667,756.53333333,634.6,440.8,462.53333333,518.8,493.73333333,406.26666667
2026-05-05 03:30:00,497.26666667,891.73333333,679.53333333,513.53333333,466.93333333,500.73333333,514.86666667,408.66666667
2026-05-05 03:45:00,428.8,807.4,599.2,463.66666667,460.8,472.93333333,554.8,396.93333333
2026-05-05 04:00:00,414.26666667,673.93333333,597.73333333,409.86666667,463.0,465.06666667,559.46666667,365.06666667
2026-05-05 04:15:00,392.0,755.06666667,637.8,387.86666667,459.93333333,462.93333333,724.4,363.46666667
2026-05-05 04:30:00,390.73333333,863.13333333,656.8,398.6,450.6,480.46666667,788.26666667,391.46666667
2026-05-05 04:45:00,537.66666667,839.73333333,629.33333333,439.73333333,470.2,479.46666667,642.46666667,404.93333333
2026-05-05 05:00:00,494.6,503.6,617.93333333,457.46666667,466.8,471.33333333,582.86666667,421.93333333
2026-05-05 05:15:00,467.33333333,488.86666667,597.53333333,469.33333333,480.33333333,485.4,572.86666667,483.86666667
2026-05-05 05:30:00,579.73333333,464.8,599.73333333,485.4,501.06666667,506.4,573.66666667,560.13333333
2026-05-05 05:45:00,546.0,544.2,608.2,493.33333333,467.46666667,514.4,575.13333333,504.6
2026-05-05 06:00:00,565.26666667,587.33333333,592.8,497.4,420.8,516.46666667,584.73333333,477.46666667
2026-05-05 06:15:00,586.06666667,595.2,567.46666667,515.8,403.6,516.26666667,572.46666667,486.0
2026-05-05 06:30:00,636.73333333,559.46666667,579.33333333,523.13333333,400.93333333,511.93333333,569.46666667,525.6
2026-05-05 06:45:00,601.4,561.2,567.86666667,521.06666667,386.66666667,506.26666667,571.6,518.8
2026-05-05 07:00:00,628.13333333,552.53333333,568.66666667,529.06666667,363.4,512.46666667,1512.2,523.86666667
2026-05-05 07:15:00,567.93333333,610.86666667,568.53333333,530.53333333,368.26666667,518.13333333,2733.0,521.53333333
2026-05-05 07:30:00,518.73333333,629.13333333,559.73333333,631.8,346.73333333,512.26666667,1172.13333333,506.4
2026-05-05 07:45:00,528.4,614.06666667,560.53333333,537.93333333,378.26666667,513.66666667,562.73333333,504.33333333
2026-05-05 08:00:00,525.06666667,579.06666667,567.93333333,569.6,398.2,507.13333333,642.73333333,497.06666667
2026-05-05 08:15:00,518.66666667,540.33333333,557.66666667,580.93333333,408.73333333,516.66666667,3764.4,504.33333333
2026-05-05 08:30:00,505.46666667,474.26666667,547.33333333,592.33333333,404.8,499.0,2272.26666667,508.46666667
2026-05-05 08:45:00,518.4,441.4,548.53333333,551.8,439.93333333,495.6,2927.13333333,528.8
2026-05-05 09:00:00,496.26666667,426.8,530.0,545.6,466.46666667,484.8,984.8,529.93333333
2026-05-05 09:15:00,492.33333333,422.86666667,540.2,509.4,477.26666667,482.26666667,463.13333333,584.73333333
2026-05-05 09:30:00,510.13333333,408.46666667,537.26666667,533.4,491.06666667,480.46666667,459.53333333,533.53333333
2026-05-05 09:45:00,506.2,413.46666667,515.6,545.0,465.66666667,496.4,478.73333333,518.8
2026-05-05 10:00:00,503.46666667,420.06666667,518.93333333,593.26666667,444.26666667,467.73333333,491.33333333,517.8
2026-05-05 10:15:00,486.46666667,410.66666667,520.13333333,520.93333333,451.26666667,485.13333333,2346.6,503.2
2026-05-05 10:30:00,487.86666667,396.26666667,529.0,518.86666667,439.8,513.2,4367.06666667,524.33333333
2026-05-05 10:45:00,495.4,405.8,545.13333333,547.86666667,469.06666667,496.93333333,707.4,488.6
2026-05-05 11:00:00,493.93333333,404.46666667,538.26666667,502.0,396.66666667,501.26666667,513.2,499.33333333
2026-05-05 11:15:00,530.53333333,403.33333333,539.0,492.2,339.8,466.66666667,500.4,560.46666667
2026-05-05 11:30:00,490.0,394.26666667,512.73333333,514.93333333,287.8,431.8,1699.13333333,526.13333333
2026-05-05 11:45:00,483.0,385.2,483.2,485.2,317.93333333,394.46666667,2602.13333333,473.66666667
2026-05-05 12:00:00,440.93333333,388.0,455.8,468.26666667,309.73333333,379.93333333,1299.06666667,422.06666667
2026-05-05 12:15:00,414.6,384.26666667,431.46666667,421.4,263.06666667,378.66666667,976.4,387.8
2026-05-05 12:30:00,379.0,339.4,409.66666667,378.6,269.6,386.13333333,474.4,421.66666667
2026-05-05 12:45:00,392.2,323.8,376.73333333,356.26666667,286.46666667,306.66666667,1666.46666667,434.53333333
2026-05-05 13:00:00,432.53333333,305.33333333,374.26666667,360.13333333,340.73333333,303.2,1530.06666667,367.0
2026-05-05 13:15:00,400.13333333,299.46666667,367.06666667,364.33333333,404.86666667,305.86666667,1179.66666667,369.86666667
2026-05-05 13:30:00,421.26666667,298.13333333,390.06666667,361.06666667,462.46666667,319.33333333,2015.0,402.8
2026-05-05 13:45:00,383.2,298.53333333,412.4,334.53333333,455.46666667,343.0,561.0,373.73333333
2026-05-05 14:00:00,352.73333333,317.8,396.86666667,324.73333333,502.86666667,355.66666667,410.93333333,340.4
2026-05-05 14:15:00,338.4,310.6,344.6,338.73333333,544.2,303.93333333,415.13333333,360.73333333
2026-05-05 14:30:00,343.26666667,306.66666667,345.73333333,355.33333333,546.46666667,289.73333333,406.8,341.93333333
2026-05-05 14:45:00,354.0,295.13333333,344.06666667,366.2,498.73333333,295.33333333,405.13333333,343.06666667
2026-05-05 15:00:00,365.06666667,308.73333333,343.0,387.53333333,505.66666667,301.53333333,2800.6,350.26666667
2026-05-05 15:15:00,394.33333333,310.2,342.33333333,403.8,492.73333333,340.8,1450.0,374.6
2026-05-05 15:30:00,384.6,298.86666667,334.2,407.6,478.0,601.0,1311.4,382.46666667
2026-05-05 15:45:00,382.46666667,299.93333333,342.46666667,439.33333333,463.0,452.0,722.53333333,383.6
2026-05-05 16:00:00,475.06666667,755.0,366.4,477.53333333,454.4,361.0,470.6,390.06666667
2026-05-05 16:15:00,440.8,802.66666667,383.46666667,482.46666667,444.86666667,309.6,464.0,522.66666667
2026-05-05 16:30:00,539.06666667,346.86666667,456.2,480.86666667,448.2,325.4,634.0,616.06666667
2026-05-05 16:45:00,521.06666667,328.66666667,473.86666667,463.33333333,445.46666667,378.26666667,702.8,617.93333333
2026-05-05 17:00:00,534.66666667,361.86666667,492.73333333,472.73333333,452.93333333,601.06666667,1375.4,567.66666667
2026-05-05 17:15:00,553.13333333,387.93333333,500.86666667,467.46666667,688.13333333,438.13333333,1709.13333333,499.93333333
2026-05-05 17:30:00,525.26666667,475.0,502.66666667,465.2,747.66666667,464.26666667,1004.2,476.2
2026-05-05 17:45:00,516.0,470.46666667,522.8,448.6,1076.53333333,648.4,1063.46666667,472.13333333
2026-05-05 18:00:00,521.73333333,443.73333333,520.4,461.6,1359.86666667,642.66666667,769.33333333,462.4
2026-05-05 18:15:00,534.86666667,518.6,527.6,453.26666667,1411.53333333,557.93333333,2612.33333333,456.13333333
2026-05-05 18:30:00,500.86666667,532.6,536.53333333,467.6,1383.33333333,487.66666667,507.66666667,469.66666667
2026-05-05 18:45:00,507.13333333,528.13333333,523.93333333,484.66666667,1415.86666667,490.8,489.33333333,436.26666667
2026-05-05 19:00:00,473.27272727,508.73333333,497.13333333,479.26666667,1385.6,456.73333333,3069.2,438.06666667
2026-05-05 19:15:00,,568.86666667,490.8,556.8,1332.26666667,487.8,610.93333333,445.2
2026-05-05 19:30:00,,402.6,493.46666667,559.2,1332.66666667,503.46666667,489.53333333,478.2
2026-05-05 19:45:00,,403.73333333,496.2,588.06666667,1338.53333333,495.46666667,483.6,522.26666667
2026-05-05 20:00:00,,406.26666667,498.53333333,569.73333333,1327.86666667,457.0,488.06666667,643.8
2026-05-05 20:15:00,,397.4,532.4,565.0,1261.73333333,477.0,2708.73333333,678.8
2026-05-05 20:30:00,621.66666667,399.0,568.2,571.06666667,1163.2,517.73333333,500.86666667,577.66666667
2026-05-05 20:45:00,584.73333333,374.13333333,615.53333333,591.26666667,1065.46666667,737.66666667,507.26666667,588.2
2026-05-05 21:00:00,550.66666667,378.4,655.66666667,592.8,1083.13333333,1056.6,510.2,583.6
2026-05-05 21:15:00,575.0,429.73333333,707.93333333,610.66666667,1169.46666667,1210.6,523.53333333,583.33333333
2026-05-05 21:30:00,520.46666667,413.26666667,733.73333333,636.86666667,1301.4,757.13333333,533.53333333,543.86666667
2026-05-05 21:45:00,517.06666667,407.2,725.93333333,797.4,1272.46666667,2178.8,535.86666667,548.0
2026-05-05 22:00:00,1033.13333333,419.46666667,735.4,736.53333333,1117.13333333,654.73333333,1743.13333333,557.66666667
2026-05-05 22:15:00,590.86666667,444.4,723.26666667,635.6,1166.4,650.93333333,576.33333333,546.93333333
2026-05-05 22:30:00,532.6,465.33333333,718.6,562.66666667,1142.86666667,631.73333333,576.53333333,541.66666667
2026-05-05 22:45:00,532.93333333,471.33333333,621.06666667,558.26666667,1063.8,505.8,572.46666667,553.0
2026-05-05 23:00:00,531.6,494.8,504.8,546.33333333,477.6,395.46666667,568.0,569.06666667
2026-05-05 23:15:00,533.6,505.93333333,448.66666667,566.73333333,288.46666667,359.4,544.53333333,575.0
2026-05-05 23:30:00,701.86666667,494.8,416.6,602.4,229.73333333,351.2,544.4,549.33333333
2026-05-05 23:45:00,539.46666667,492.33333333,404.2,603.86666667,197.73333333,369.66666667,547.73333333,613.26666667
2026-05-06 00:00:00,536.73333333,488.93333333,390.73333333,579.13333333,236.6,372.2,582.4,572.06666667
2026-05-06 00:15:00,560.46666667,501.4,414.93333333,582.2,323.26666667,358.93333333,620.2,548.53333333
2026-05-06 00:30:00,480.46666667,506.53333333,486.13333333,649.6,388.86666667,430.0,655.86666667,615.8
2026-05-06 00:45:00,500.8,490.6,644.0,706.46666667,408.4,603.66666667,683.13333333,697.66666667
2026-05-06 01:00:00,527.4,518.06666667,764.0,751.66666667,462.73333333,705.06666667,726.4,775.4
2026-05-06 01:15:00,644.93333333,508.33333333,922.8,798.26666667,591.46666667,853.53333333,752.8,870.8
2026-05-06 01:30:00,748.0,498.06666667,1052.0,808.6,620.8,862.93333333,789.06666667,917.6
2026-05-06 01:45:00,756.33333333,494.93333333,1126.8,868.73333333,573.0,904.0,856.0,955.46666667
2026-05-06 02:00:00,801.13333333,482.86666667,1490.73333333,877.33333333,518.93333333,1015.53333333,923.46666667,975.66666667
2026-05-06 02:15:00,1414.4,451.0,1597.46666667,924.93333333,367.46666667,1073.53333333,958.0,1011.4
2026-05-06 02:30:00,1110.26666667,445.86666667,1614.26666667,989.53333333,225.13333333,1170.13333333,1005.53333333,992.46666667
2026-05-06 02:45:00,1019.46666667,466.93333333,1823.6,1006.53333333,270.33333333,1313.26666667,1059.26666667,1065.06666667
2026-05-06 03:00:00,937.33333333,492.53333333,1418.0,1089.13333333,296.33333333,1432.66666667,1146.6,1070.26666667
2026-05-06 03:15:00,977.0,527.6,1851.6,1118.8,302.13333333,1496.4,1252.66666667,1144.4
2026-05-06 03:30:00,1078.13333333,551.66666667,1934.53333333,1489.86666667,269.2,1560.2,1287.2,1351.06666667
2026-05-06 03:45:00,1373.6,558.73333333,1980.26666667,1909.8,285.86666667,1642.33333333,1349.93333333,1465.6
2026-05-06 04:00:00,1562.8,573.6,2291.53333333,2235.86666667,342.93333333,1701.53333333,1396.6,1866.06666667
2026-05-06 04:15:00,1736.66666667,569.2,2232.26666667,1393.4,410.33333333,1918.2,1363.6,2083.0
2026-05-06 04:30:00,1817.6,592.8,1966.46666667,1245.86666667,402.26666667,1697.46666667,1498.0,1952.4
2026-05-06 04:45:00,1701.2,598.86666667,2147.4,1286.86666667,376.33333333,1773.8,1468.86666667,1394.06666667
2026-05-06 05:00:00,1515.46666667,599.93333333,3205.6,1312.13333333,337.66666667,1778.6,1405.0,1355.4
2026-05-06 05:15:00,1419.8,639.06666667,3271.66666667,1269.13333333,363.4,1824.6,1376.93333333,1244.73333333
2026-05-06 05:30:00,1472.8,671.73333333,1859.13333333,1260.0,519.93333333,1893.46666667,1349.0,1299.66666667
2026-05-06 05:45:00,1565.26666667,773.46666667,1727.26666667,1318.26666667,715.0,1910.93333333,1368.93333333,1504.06666667
2026-05-06 06:00:00,1541.6,838.26666667,1799.33333333,1403.8,884.8,1986.33333333,1435.33333333,1604.33333333
2026-05-06 06:15:00,1441.0,956.53333333,1883.26666667,1524.86666667,1180.06666667,2057.0,1490.6,1410.26666667
2026-05-06 06:30:00,1312.66666667,1050.13333333,1814.73333333,1505.93333333,1407.86666667,2120.86666667,1579.93333333,1319.13333333
2026-05-06 06:45:00,1286.26666667,1082.46666667,1718.13333333,1462.06666667,1507.6,2124.8,1538.2,1249.26666667
2026-05-06 07:00:00,1175.73333333,1354.73333333,1879.93333333,1446.6,1513.73333333,1987.2,1867.2,1183.66666667
2026-05-06 07:15:00,1020.8,1551.06666667,2026.53333333,1431.2,1554.6,1853.6,4522.6,1093.26666667
2026-05-06 07:30:00,1066.26666667,1453.93333333,500.2,1371.33333333,1544.2,869.93333333,1322.06666667,1115.26666667
2026-05-06 07:45:00,1085.13333333,1506.46666667,236.8,1336.53333333,1521.73333333,148.73333333,1322.33333333,1220.4
2026-05-06 08:00:00,1098.53333333,1417.33333333,201.4,1307.6,1605.0,123.8,1892.53333333,1313.26666667
2026-05-06 08:15:00,911.33333333,1385.13333333,176.33333333,1253.4,1465.8,117.26666667,1677.73333333,1179.73333333
2026-05-06 08:30:00,409.13333333,1405.86666667,151.2,1209.86666667,1157.66666667,122.93333333,5473.4,559.73333333
2026-05-06 08:45:00,244.26666667,1467.0,123.0,1176.33333333,572.66666667,155.66666667,5947.2,222.53333333
2026-05-06 09:00:00,197.86666667,1568.86666667,105.73333333,414.33333333,310.06666667,127.86666667,4687.46666667,179.8
2026-05-06 09:15:00,147.73333333,1406.4,120.93333333,290.53333333,407.06666667,102.8,958.0,161.26666667
2026-05-06 09:30:00,137.8,1344.66666667,132.0,233.93333333,477.53333333,108.2,916.86666667,134.06666667
2026-05-06 09:45:00,132.26666667,1442.4,91.33333333,184.06666667,471.06666667,104.13333333,814.86666667,110.46666667
2026-05-06 10:00:00,105.86666667,1361.73333333,90.4,130.13333333,468.4,91.93333333,824.86666667,91.93333333
2026-05-06 10:15:00,131.86666667,1235.2,86.53333333,128.0,421.66666667,86.93333333,1354.33333333,92.13333333
2026-05-06 10:30:00,118.46666667,1189.66666667,90.8,154.06666667,390.4,97.33333333,129.66666667,98.46666667
2026-05-06 10:45:00,105.06666667,1181.33333333,109.66666667,153.0,370.2,130.46666667,111.4,103.13333333
2026-05-06 11:00:00,114.86666667,1218.46666667,112.0,147.26666667,350.53333333,110.66666667,83.2,100.13333333
2026-05-06 11:15:00,116.46666667,1247.66666667,151.53333333,189.46666667,361.8,127.4,77.26666667,114.73333333
2026-05-06 11:30:00,108.8,1267.2,245.53333333,155.86666667,359.73333333,131.86666667,280.26666667,137.53333333
2026-05-06 11:45:00,124.86666667,1362.0,263.93333333,164.53333333,324.46666667,134.26666667,465.26666667,169.8
2026-05-06 12:00:00,141.86666667,1455.8,280.93333333,163.8,331.33333333,135.46666667,185.0,161.13333333
2026-05-06 12:15:00,154.06666667,1517.8,243.73333333,177.73333333,332.6,165.86666667,133.8,151.46666667
2026-05-06 12:30:00,147.73333333,1561.2,240.93333333,257.6,304.2,208.33333333,305.46666667,174.93333333
2026-05-06 12:45:00,151.66666667,1633.53333333,227.33333333,459.33333333,327.06666667,215.53333333,2785.26666667,190.6
2026-05-06 13:00:00,168.26666667,434.93333333,278.2,328.66666667,346.53333333,212.06666667,88.2,223.33333333
2026-05-06 13:15:00,203.8,106.2,280.66666667,270.26666667,345.13333333,201.6,115.0,243.2
2026-05-06 13:30:00,219.53333333,104.13333333,263.4,331.0,322.73333333,221.73333333,722.66666667,244.0
2026-05-06 13:45:00,217.2,104.33333333,299.46666667,324.6,312.26666667,224.4,1414.53333333,256.06666667
2026-05-06 14:00:00,233.0,137.0,314.2,355.0,320.26666667,233.6,223.8,274.0
2026-05-06 14:15:00,225.13333333,93.0,335.33333333,333.73333333,319.53333333,263.73333333,269.73333333,315.13333333
2026-05-06 14:30:00,248.2,113.73333333,364.4,374.2,315.33333333,303.06666667,317.0,346.53333333
2026-05-06 14:45:00,266.0,100.73333333,395.66666667,393.4,320.86666667,320.13333333,416.0,336.46666667
2026-05-06 15:00:00,278.53333333,121.6,397.93333333,422.4,312.2,339.86666667,1222.33333333,344.73333333
2026-05-06 15:15:00,284.26666667,147.86666667,438.4,436.6,311.4,339.46666667,422.6,358.86666667
2026-05-06 15:30:00,299.66666667,190.0,471.73333333,491.26666667,329.26666667,393.0,989.2,365.4
2026-05-06 15:45:00,289.66666667,171.33333333,457.46666667,439.33333333,346.93333333,406.26666667,737.4,386.6
2026-05-06 16:00:00,332.86666667,185.93333333,415.93333333,459.73333333,348.93333333,354.73333333,3270.66666667,422.13333333
2026-05-06 16:15:00,352.8,200.0,367.2,534.93333333,366.86666667,332.46666667,771.6,449.93333333
2026-05-06 16:30:00,347.26666667,187.26666667,345.6,566.26666667,369.4,331.06666667,352.2,417.46666667
2026-05-06 16:45:00,350.2,208.53333333,340.2,478.93333333,366.93333333,328.46666667,376.33333333,414.53333333
2026-05-06 17:00:00,338.13333333,214.46666667,343.4,464.33333333,374.86666667,320.8,451.13333333,390.8
2026-05-06 17:15:00,346.13333333,241.4,347.0,445.13333333,350.33333333,330.93333333,4812.4,369.73333333
2026-05-06 17:30:00,337.73333333,241.66666667,354.46666667,451.2,355.86666667,324.6,510.13333333,378.0
2026-05-06 17:45:00,336.0,255.86666667,352.6,443.33333333,349.93333333,329.33333333,461.26666667,343.8
2026-05-06 18:00:00,331.4,270.86666667,340.13333333,415.8,359.2,386.73333333,530.6,358.8
2026-05-06 18:15:00,338.06666667,287.2,321.13333333,401.73333333,344.8,330.06666667,461.4,364.53333333
2026-05-06 18:30:00,331.73333333,334.2,275.53333333,399.6,336.33333333,339.66666667,441.4,397.4
2026-05-06 18:45:00,319.73333333,598.73333333,273.33333333,479.4,329.26666667,375.73333333,1185.26666667,363.0
2026-05-06 19:00:00,317.66666667,421.2,288.06666667,422.73333333,333.93333333,370.4,1497.13333333,354.33333333
2026-05-06 19:15:00,326.8,418.06666667,322.46666667,433.4,331.13333333,339.13333333,525.73333333,337.93333333
2026-05-06 19:30:00,331.06666667,403.2,310.26666667,423.4,353.66666667,325.53333333,515.8,333.06666667
2026-05-06 19:45:00,318.6,371.53333333,304.66666667,387.26666667,603.66666667,369.33333333,511.8,352.06666667
2026-05-06 20:00:00,298.66666667,381.86666667,291.73333333,375.46666667,519.33333333,338.6,536.33333333,374.26666667
2026-05-06 20:15:00,322.4,402.53333333,314.86666667,387.26666667,331.33333333,324.4,732.13333333,356.33333333
2026-05-06 20:30:00,307.0,389.13333333,305.26666667,449.46666667,346.66666667,283.26666667,1371.26666667,337.66666667
2026-05-06 20:45:00,412.73333333,415.46666667,314.2,393.6,363.8,277.26666667,1871.6,322.73333333
2026-05-06 21:00:00,301.4,438.66666667,312.06666667,391.33333333,404.66666667,279.93333333,592.73333333,341.33333333
2026-05-06 21:15:00,366.13333333,448.06666667,306.66666667,354.2,426.8,304.4,598.8,328.46666667
2026-05-06 21:30:00,426.86666667,426.86666667,293.73333333,351.66666667,387.86666667,342.8,594.8,329.06666667
2026-05-06 21:45:00,378.06666667,387.6,296.2,336.86666667,357.4,322.06666667,614.53333333,337.26666667
2026-05-06 22:00:00,490.73333333,417.46666667,295.06666667,328.66666667,377.73333333,332.4,642.66666667,310.13333333
2026-05-06 22:15:00,609.86666667,395.06666667,290.06666667,338.8,607.66666667,312.73333333,2078.93333333,304.06666667
2026-05-06 22:30:00,1058.86666667,359.26666667,287.73333333,325.86666667,714.0,304.13333333,1688.2,314.46666667
2026-05-06 22:45:00,331.2,333.86666667,294.4,330.53333333,781.4,306.73333333,642.2,322.73333333
2026-05-06 23:00:00,583.93333333,320.13333333,295.26666667,333.26666667,691.8,301.06666667,638.73333333,326.6
2026-05-06 23:15:00,428.06666667,323.0,312.4,338.0,589.73333333,313.13333333,629.86666667,328.13333333
2026-05-06 23:30:00,332.13333333,320.33333333,311.2,336.73333333,600.53333333,310.53333333,655.93333333,319.26666667
2026-05-06 23:45:00,324.13333333,329.0,317.26666667,341.2,635.6,317.86666667,647.73333333,318.86666667
2026-05-07 00:00:00,364.66666667,336.33333333,313.13333333,361.8,740.86666667,320.4,647.8,322.2
2026-05-07 00:15:00,766.93333333,337.6,317.46666667,354.26666667,566.4,330.2,763.66666667,348.73333333
2026-05-07 00:30:00,340.2,321.66666667,324.2,355.0,593.73333333,349.26666667,976.26666667,366.66666667
2026-05-07 00:45:00,347.6,314.53333333,329.2,377.73333333,623.4,364.46666667,961.93333333,390.0
2026-05-07 01:00:00,362.66666667,322.66666667,358.73333333,392.8,655.73333333,363.66666667,936.13333333,398.86666667
2026-05-07 01:15:00,386.46666667,331.6,375.4,406.66666667,655.53333333,384.93333333,857.33333333,371.46666667
2026-05-07 01:30:00,469.86666667,353.46666667,404.8,412.93333333,660.86666667,421.8,933.13333333,395.93333333
2026-05-07 01:45:00,450.46666667,412.73333333,432.46666667,427.26666667,697.2,433.26666667,1256.86666667,409.06666667
2026-05-07 02:00:00,492.0,424.46666667,460.86666667,412.93333333,715.53333333,436.46666667,1442.0,407.8
2026-05-07 02:15:00,538.8,388.0,483.46666667,411.53333333,752.53333333,441.6,812.06666667,404.46666667
2026-05-07 02:30:00,419.26666667,377.66666667,511.6,445.26666667,806.46666667,444.86666667,703.93333333,414.93333333
2026-05-07 02:45:00,426.2,366.4,529.53333333,473.0,842.46666667,466.73333333,655.86666667,449.93333333
2026-05-07 03:00:00,427.4,366.26666667,516.8,492.73333333,874.26666667,477.06666667,640.26666667,454.66666667
2026-05-07 03:15:00,441.06666667,360.73333333,546.6,503.73333333,959.06666667,480.46666667,804.06666667,472.46666667
2026-05-07 03:30:00,471.33333333,362.06666667,586.6,492.8,1004.33333333,503.0,630.13333333,507.8
2026-05-07 03:45:00,486.93333333,383.66666667,608.53333333,519.4,1072.33333333,538.4,640.73333333,523.73333333
2026-05-07 04:00:00,496.4,393.86666667,609.0,504.46666667,1138.53333333,553.26666667,785.46666667,550.86666667
2026-05-07 04:15:00,499.53333333,447.06666667,612.2,500.33333333,1217.33333333,622.2,803.26666667,564.13333333
2026-05-07 04:30:00,514.26666667,484.33333333,640.0,533.53333333,1200.66666667,603.66666667,837.93333333,565.93333333
2026-05-07 04:45:00,540.33333333,477.13333333,669.73333333,575.86666667,1203.26666667,643.86666667,756.73333333,653.6
2026-05-07 05:00:00,558.8,548.66666667,670.06666667,569.13333333,1309.13333333,693.2,752.4,704.4
2026-05-07 05:15:00,560.53333333,508.66666667,679.46666667,557.0,1325.26666667,662.73333333,733.86666667,742.93333333
2026-05-07 05:30:00,604.53333333,489.06666667,699.26666667,557.06666667,1358.8,766.93333333,701.66666667,761.73333333
2026-05-07 05:45:00,604.86666667,496.93333333,825.66666667,598.46666667,1362.06666667,688.8,718.06666667,767.13333333
2026-05-07 06:00:00,674.0,558.4,1462.06666667,713.0,1328.66666667,718.8,802.33333333,786.66666667
2026-05-07 06:15:00,697.2,580.2,1277.0,1282.0,1345.46666667,770.4,993.6,853.4
2026-05-07 06:30:00,720.26666667,610.2,1305.93333333,1336.73333333,1363.86666667,799.26666667,1953.86666667,1006.0
2026-05-07 06:45:00,729.4,601.26666667,2076.4,3130.26666667,1472.06666667,831.66666667,935.86666667,978.53333333
2026-05-07 07:00:00,775.0,592.46666667,2892.6,3615.53333333,1447.06666667,811.33333333,5877.6,1024.06666667
2026-05-07 07:15:00,918.2,600.93333333,3747.46666667,2771.4,1243.4,970.66666667,998.86666667,1056.93333333
2026-05-07 07:30:00,1021.2,603.86666667,2931.93333333,1886.4,920.26666667,1408.33333333,952.6,1268.2
2026-05-07 07:45:00,952.13333333,521.06666667,2625.33333333,1499.46666667,836.13333333,1603.73333333,939.4,1474.2
2026-05-07 08:00:00,967.86666667,506.0,1633.66666667,1260.4,850.86666667,1757.46666667,862.2,1770.0
2026-05-07 08:15:00,1162.93333333,463.2,1200.46666667,1080.53333333,790.86666667,1405.26666667,4361.2,2136.93333333
2026-05-07 08:30:00,1452.53333333,512.06666667,1127.86666667,1048.93333333,751.46666667,1108.0,2183.26666667,1719.13333333
2026-05-07 08:45:00,1340.2,494.8,937.0,971.86666667,633.06666667,920.0,652.46666667,1262.0
2026-05-07 09:00:00,1483.26666667,437.8,1109.66666667,883.6,597.8,896.6,8263.46666667,971.6
2026-05-07 09:15:00,1592.73333333,431.13333333,1062.93333333,941.66666667,568.66666667,861.46666667,1674.46666667,1034.33333333
2026-05-07 09:30:00,1258.46666667,467.13333333,1064.86666667,876.66666667,591.13333333,803.0,867.26666667,1053.66666667
2026-05-07 09:45:00,1024.06666667,441.33333333,976.06666667,867.2,648.2,815.8,737.8,1070.93333333
2026-05-07 10:00:00,927.53333333,468.8,886.13333333,977.73333333,625.0,827.2,633.46666667,1139.53333333
2026-05-07 10:15:00,898.2,458.53333333,854.46666667,944.4,629.93333333,828.86666667,583.8,1022.93333333
2026-05-07 10:30:00,803.33333333,483.0,857.8,841.4,652.06666667,799.2,515.93333333,903.66666667
2026-05-07 10:45:00,645.0,494.53333333,765.0,734.53333333,679.73333333,741.06666667,1039.33333333,806.86666667
2026-05-07 11:00:00,654.73333333,502.13333333,656.33333333,652.66666667,657.06666667,671.86666667,458.2,769.26666667
2026-05-07 11:15:00,651.26666667,471.2,577.66666667,637.6,647.06666667,608.2,422.86666667,756.6
2026-05-07 11:30:00,671.73333333,468.2,537.33333333,627.86666667,629.33333333,540.33333333,4273.4,703.33333333
2026-05-07 11:45:00,622.33333333,449.8,498.06666667,553.53333333,616.73333333,1733.6,424.26666667,686.13333333
2026-05-07 12:00:00,551.93333333,422.6,470.26666667,527.93333333,563.66666667,483.06666667,429.2,592.6
2026-05-07 12:15:00,473.8,406.73333333,495.0,468.13333333,472.6,456.8,410.0,586.8
2026-05-07 12:30:00,496.46666667,393.66666667,481.8,492.46666667,419.4,429.06666667,458.13333333,532.33333333
2026-05-07 12:45:00,476.26666667,397.0,421.73333333,452.2,471.66666667,444.93333333,6510.33333333,451.46666667
2026-05-07 13:00:00,428.86666667,396.53333333,414.26666667,405.2,465.66666667,412.93333333,1180.06666667,432.8
2026-05-07 13:15:00,497.2,365.93333333,374.6,393.4,525.6,357.33333333,345.6,409.0
2026-05-07 13:30:00,413.93333333,339.2,360.2,385.86666667,534.26666667,329.0,362.4,375.93333333
2026-05-07 13:45:00,400.93333333,331.0,327.6,375.66666667,586.86666667,335.06666667,1435.73333333,351.66666667
2026-05-07 14:00:00,403.66666667,330.66666667,319.8,375.93333333,508.33333333,318.6,2177.66666667,404.33333333
2026-05-07 14:15:00,329.92857143,327.73333333,316.2,354.4,495.0,303.13333333,343.2,341.46666667
2026-05-07 14:30:00,53.0,335.46666667,320.26666667,355.06666667,421.33333333,296.13333333,308.86666667,353.0
2026-05-07 14:45:00,,332.8,311.6,391.4,395.13333333,300.0,357.53333333,453.6
2026-05-07 15:00:00,,372.2,300.86666667,378.33333333,354.73333333,301.93333333,1146.33333333,342.06666667
2026-05-07 15:15:00,,487.4,306.4,364.33333333,359.66666667,300.86666667,1994.8,319.8
2026-05-07 15:30:00,,470.53333333,303.33333333,328.66666667,367.93333333,311.73333333,345.33333333,318.6
2026-05-07 15:45:00,,435.73333333,342.53333333,323.86666667,351.26666667,342.53333333,327.0,466.66666667
2026-05-07 16:00:00,,416.66666667,353.06666667,317.93333333,361.33333333,355.06666667,341.2,592.4
2026-05-07 16:15:00,,398.26666667,345.6,333.06666667,388.73333333,340.46666667,347.53333333,387.46666667
2026-05-07 16:30:00,,418.26666667,343.53333333,347.33333333,388.53333333,359.8,331.4,355.4
2026-05-07 16:45:00,,368.93333333,344.73333333,327.8,414.4,353.13333333,342.73333333,339.93333333
2026-05-07 17:00:00,,355.2,350.0,319.13333333,348.73333333,355.13333333,405.66666667,360.13333333
2026-05-07 17:15:00,,394.86666667,346.66666667,312.46666667,334.86666667,374.86666667,366.46666667,642.66666667
2026-05-07 17:30:00,,352.0,328.33333333,320.53333333,373.26666667,411.26666667,352.73333333,486.86666667
2026-05-07 17:45:00,,323.33333333,362.73333333,297.6,362.46666667,395.33333333,2443.53333333,379.13333333
2026-05-07 18:00:00,,348.13333333,376.26666667,298.4,395.26666667,388.26666667,372.26666667,362.13333333
2026-05-07 18:15:00,,323.53333333,371.26666667,317.66666667,391.13333333,366.66666667,376.4,382.73333333
2026-05-07 18:30:00,,309.8,347.2,356.4,405.8,362.06666667,379.6,401.4
2026-05-07 18:45:00,,325.33333333,351.0,319.86666667,414.33333333,5430.53333333,1892.53333333,400.13333333
2026-05-07 19:00:00,,310.46666667,352.2,340.26666667,420.06666667,1603.13333333,1152.06666667,381.73333333
2026-05-07 19:15:00,,368.73333333,341.86666667,328.73333333,439.73333333,2814.45454545,669.53333333,389.2
2026-05-07 19:30:00,,460.2,383.93333333,354.26666667,436.13333333,1564.5,259.66666667,396.66666667
2026-05-07 19:45:00,,363.46666667,394.06666667,353.4,425.2,3596.0,260.13333333,383.6
2026-05-07 20:00:00,,412.2,337.53333333,377.6,474.66666667,,297.33333333,412.85714286
2026-05-07 20:15:00,,465.8,330.8,366.5,453.86666667,,1235.53333333,
2026-05-07 20:30:00,,445.73333333,319.4,,439.0,,295.13333333,
2026-05-07 20:45:00,,465.4,321.6,,441.8,,306.53333333,
2026-05-07 21:00:00,,415.26666667,316.53333333,,466.4,,291.8,
2026-05-07 21:15:00,,418.53333333,309.46666667,,521.33333333,,1448.4,
2026-05-07 21:30:00,,431.6,308.26666667,,623.73333333,,1188.4,
2026-05-07 21:45:00,,432.66666667,309.86666667,,667.6,,349.93333333,
2026-05-07 22:00:00,,483.8,324.4,,710.33333333,,355.13333333,
2026-05-07 22:15:00,,507.06666667,356.33333333,,743.86666667,,1942.33333333,
2026-05-07 22:30:00,,530.13333333,410.2,,760.73333333,,834.26666667,
2026-05-07 22:45:00,,536.06666667,498.53333333,,773.73333333,,421.0,
2026-05-07 23:00:00,,594.53333333,541.46666667,,816.46666667,,549.53333333,
2026-05-07 23:15:00,,628.86666667,497.93333333,,893.0,,444.33333333,
2026-05-07 23:30:00,,722.2,495.53333333,,916.33333333,,493.73333333,
2026-05-07 23:45:00,,717.66666667,565.26666667,,952.46666667,,425.06666667,
2026-05-08 00:00:00,,775.26666667,607.33333333,,1011.53333333,,434.46666667,
2026-05-08 00:15:00,,768.53333333,533.4,,1042.13333333,,487.86666667,
2026-05-08 00:30:00,,791.4,494.2,,1046.46666667,,500.86666667,
2026-05-08 00:45:00,,763.26666667,517.53333333,,965.06666667,,485.13333333,
2026-05-08 01:00:00,,784.2,564.66666667,,846.86666667,,508.46666667,
2026-05-08 01:15:00,,779.26666667,590.6,,710.93333333,,548.0,
2026-05-08 01:30:00,,794.6,1256.06666667,,686.93333333,,603.8,
2026-05-08 01:45:00,,796.0,1288.46666667,,701.26666667,,632.73333333,
2026-05-08 02:00:00,,825.06666667,1699.73333333,,673.8,,636.73333333,
2026-05-08 02:15:00,,856.33333333,1736.26666667,,687.2,,612.4,
2026-05-08 02:30:00,,857.26666667,1354.46666667,,756.26666667,,613.13333333,
2026-05-08 02:45:00,,887.66666667,1226.06666667,,757.06666667,,742.73333333,
2026-05-08 03:00:00,,868.53333333,973.73333333,,745.86666667,,790.2,
2026-05-08 03:15:00,,885.0,735.6,,760.73333333,,765.53333333,
2026-05-08 03:30:00,,894.86666667,676.93333333,,797.6,,806.06666667,
2026-05-08 03:45:00,,874.66666667,814.0,,782.26666667,,785.66666667,
2026-05-08 04:00:00,,865.93333333,1114.4,,771.46666667,,819.0,
2026-05-08 04:15:00,,869.8,1252.6,,806.2,,818.13333333,
2026-05-08 04:30:00,,886.93333333,1197.66666667,,816.53333333,,809.33333333,
2026-05-08 04:45:00,,919.4,1087.13333333,,848.06666667,,833.66666667,
2026-05-08 05:00:00,,1013.8,824.4,,869.06666667,,800.4,
2026-05-08 05:15:00,,999.73333333,835.33333333,,953.73333333,,805.46666667,
2026-05-08 05:30:00,,1064.0,849.6,,944.73333333,,796.66666667,
2026-05-08 05:45:00,,1253.2,832.66666667,,1008.86666667,,785.46666667,
2026-05-08 06:00:00,,1102.46666667,842.0,,1065.46666667,,779.33333333,
2026-05-08 06:15:00,,1058.33333333,853.93333333,,1098.73333333,,786.26666667,
2026-05-08 06:30:00,,982.86666667,857.73333333,,1124.46666667,,804.8,
2026-05-08 06:45:00,,1014.06666667,940.4,,1121.73333333,,810.8,
2026-05-08 07:00:00,,940.4,862.66666667,,1125.06666667,,825.2,
2026-05-08 07:15:00,,881.86666667,775.86666667,,1084.8,,9181.53333333,
2026-05-08 07:30:00,,856.26666667,742.86666667,,857.13333333,,804.73333333,
2026-05-08 07:45:00,,1015.4,738.66666667,,659.13333333,,813.86666667,
2026-05-08 08:00:00,,1042.2,724.73333333,,632.53333333,,957.06666667,
2026-05-08 08:15:00,,1012.86666667,697.13333333,,592.86666667,,9334.8,
2026-05-08 08:30:00,,873.26666667,686.33333333,,601.86666667,,5128.66666667,
2026-05-08 08:45:00,,818.6,643.0,,559.93333333,,6760.0,
2026-05-08 09:00:00,,648.6,563.0,,522.8,,2635.86666667,
2026-05-08 09:15:00,,565.13333333,572.2,,553.66666667,,7594.93333333,
2026-05-08 09:30:00,,444.73333333,622.26666667,,572.4,,886.93333333,
2026-05-08 09:45:00,,445.2,631.4,,576.86666667,,1220.93333333,
2026-05-08 10:00:00,,447.13333333,578.53333333,,591.66666667,,5988.4,
2026-05-08 10:15:00,,473.6,526.6,,611.2,,391.13333333,
2026-05-08 10:30:00,,465.0,506.06666667,,604.2,,377.33333333,
2026-05-08 10:45:00,,452.33333333,485.66666667,,574.6,,369.66666667,
2026-05-08 11:00:00,,472.46666667,466.46666667,,559.86666667,,6365.06666667,
2026-05-08 11:15:00,,426.53333333,443.86666667,,519.0,,783.73333333,
2026-05-08 11:30:00,,420.46666667,420.73333333,,490.13333333,,1651.33333333,
2026-05-08 11:45:00,,401.66666667,399.26666667,,491.53333333,,4463.13333333,
2026-05-08 12:00:00,,396.2,375.0,,495.33333333,,1370.4,
2026-05-08 12:15:00,,384.4,350.46666667,,515.53333333,,2367.26666667,
2026-05-08 12:30:00,,389.13333333,347.66666667,,508.26666667,,876.86666667,
2026-05-08 12:45:00,,409.66666667,,,464.53333333,,3695.86666667,
2026-05-08 13:00:00,,443.4,,,438.4,,397.33333333,
2026-05-08 13:15:00,,431.6,,,448.66666667,,4110.46666667,
2026-05-08 13:30:00,,434.0,,,431.26666667,,354.86666667,
2026-05-08 13:45:00,,,,,429.73333333,,348.06666667,
2026-05-08 14:00:00,,,,,407.73333333,,350.13333333,
2026-05-08 14:15:00,,,,,369.33333333,,3494.46666667,
2026-05-08 14:30:00,,,,,411.66666667,,409.46666667,
2026-05-08 14:45:00,,,,,356.73333333,,421.0,
2026-05-08 15:00:00,,,,,363.53333333,,377.13333333,
2026-05-08 15:15:00,,,,,372.26666667,,414.86666667,
2026-05-08 15:30:00,,,,,367.8,,420.26666667,
2026-05-08 15:45:00,,,,,357.73333333,,840.53333333,
2026-05-08 16:00:00,,,,,307.73333333,,1525.46666667,
2026-05-08 16:15:00,,,,,336.86666667,,362.8,
2026-05-08 16:30:00,,,,,303.13333333,,370.73333333,
2026-05-08 16:45:00,,,,,292.73333333,,360.4,
2026-05-08 17:00:00,,,177.30769231,,305.26666667,,355.86666667,
2026-05-08 17:15:00,,,,,320.4,,1281.26666667,
2026-05-08 17:30:00,,,,,333.6,,1812.26666667,
2026-05-08 17:45:00,,,,,343.33333333,,320.26666667,
2026-05-08 18:00:00,,,,,358.8,,368.26666667,
2026-05-08 18:15:00,,,,,361.6,,303.86666667,
2026-05-08 18:30:00,,,,,365.06666667,,811.66666667,
2026-05-08 18:45:00,,,,,365.46666667,,3171.4,
2026-05-08 19:00:00,,,,,395.93333333,,507.26666667,
2026-05-08 19:15:00,,,,,396.06666667,,431.06666667,
2026-05-08 19:30:00,,,,,432.6,,344.33333333,
2026-05-08 19:45:00,,,,,436.66666667,,341.93333333,
2026-05-08 20:00:00,,,,,501.53333333,,994.2,
2026-05-08 20:15:00,,,,,640.26666667,,855.0,
2026-05-08 20:30:00,,,,,683.06666667,,1989.6,
2026-05-08 20:45:00,,,,,729.26666667,,434.6,
2026-05-08 21:00:00,,,,,1059.06666667,,1009.26666667,
2026-05-08 21:15:00,,,,,833.4,,828.26666667,
2026-05-08 21:30:00,,,,,792.86666667,,457.2,
2026-05-08 21:45:00,,,,,884.13333333,,572.4,
2026-05-08 22:00:00,,,,,962.06666667,,741.13333333,
2026-05-08 22:15:00,,,849.30769231,,968.73333333,,1568.13333333,
2026-05-08 22:30:00,,,1315.06666667,,1266.26666667,,831.33333333,
2026-05-08 22:45:00,,,1564.8,,1502.06666667,,798.46666667,
2026-05-08 23:00:00,,,1665.46666667,,1633.73333333,,1241.0,
2026-05-08 23:15:00,,,1746.46666667,,1603.46666667,,1009.26666667,
2026-05-08 23:30:00,,,1701.13333333,,1867.13333333,,900.4,
2026-05-08 23:45:00,,,1722.26666667,,2122.66666667,,3789.0,
2026-05-09 00:00:00,,,1666.86666667,,2138.6,,1396.93333333,
2026-05-09 00:15:00,,,1642.26666667,,2259.8,,811.13333333,
2026-05-09 00:30:00,,,1649.86666667,,1663.6,,732.6,
2026-05-09 00:45:00,,,1696.86666667,,1256.6,,466.66666667,
2026-05-09 01:00:00,,,1788.26666667,,1171.73333333,,1057.6,
2026-05-09 01:15:00,,,1902.2,,1114.8,,1141.0,
2026-05-09 01:30:00,,,2044.73333333,,1006.73333333,,1115.0,
2026-05-09 01:45:00,,,2139.73333333,,1042.86666667,,1156.86666667,
2026-05-09 02:00:00,,,2217.46666667,,1079.93333333,,1036.6,
2026-05-09 02:15:00,,,2299.53333333,,1094.6,,960.0,
2026-05-09 02:30:00,,,2461.33333333,,1196.93333333,,1003.13333333,
2026-05-09 02:45:00,,,2496.33333333,,1271.86666667,,957.4,
2026-05-09 03:00:00,,,2574.0,,1473.46666667,,898.4,
2026-05-09 03:15:00,,,2707.2,,1506.33333333,,914.33333333,
2026-05-09 03:30:00,,,2907.13333333,,1471.73333333,,1558.0,
2026-05-09 03:45:00,,,3214.33333333,,1447.8,,1895.06666667,
2026-05-09 04:00:00,,,3566.26666667,,1419.73333333,,905.6,
2026-05-09 04:15:00,,,3757.6,,1223.13333333,,690.33333333,
2026-05-09 04:30:00,,,3687.13333333,,1073.13333333,,594.33333333,
2026-05-09 04:45:00,,,4449.8,,766.46666667,,565.26666667,
2026-05-09 05:00:00,,,5400.46666667,,497.2,,539.8,
2026-05-09 05:15:00,,,5446.0,,471.13333333,,510.26666667,
2026-05-09 05:30:00,,,5273.0,,528.73333333,,504.53333333,
2026-05-09 05:45:00,,,4604.33333333,,660.26666667,,522.8,
2026-05-09 06:00:00,,,3378.06666667,,865.6,,541.46666667,
2026-05-09 06:15:00,,,2863.2,,1067.66666667,,531.2,
2026-05-09 06:30:00,,,2176.73333333,,1057.4,,546.0,
2026-05-09 06:45:00,,,1799.93333333,,899.6,,545.73333333,
2026-05-09 07:00:00,,,1270.66666667,,728.93333333,,539.06666667,
2026-05-09 07:15:00,,,976.6,,601.73333333,,578.0,
2026-05-09 07:30:00,,,884.13333333,,588.33333333,,599.93333333,
2026-05-09 07:45:00,,,830.4,,761.8,,660.33333333,
2026-05-09 08:00:00,,,836.53333333,,602.0,,726.46666667,
2026-05-09 08:15:00,,,837.86666667,,829.53333333,,630.06666667,
2026-05-09 08:30:00,,,888.73333333,,1045.2,,632.46666667,
2026-05-09 08:45:00,,,893.66666667,,1549.53333333,,614.33333333,
2026-05-09 09:00:00,,,876.6,,742.0,,629.06666667,
2026-05-09 09:15:00,,,885.93333333,,575.2,,4048.06666667,
2026-05-09 09:30:00,,,851.53333333,,540.6,,2261.6,
2026-05-09 09:45:00,,,880.33333333,,520.73333333,,663.88888889,
2026-05-09 10:00:00,,,900.06666667,,448.26666667,,,
2026-05-09 10:15:00,,,911.46666667,,404.93333333,,,
2026-05-09 10:30:00,,,934.8,,437.66666667,,,
2026-05-09 10:45:00,,,867.86666667,,376.4,,,
2026-05-09 11:00:00,,,836.2,,361.46666667,,,
2026-05-09 11:15:00,,,767.73333333,,336.73333333,,,
2026-05-09 11:30:00,,,665.13333333,,312.53333333,,,
2026-05-09 11:45:00,,,573.86666667,,311.73333333,,,
2026-05-09 12:00:00,,,488.8,,293.4,,,
2026-05-09 12:15:00,,,428.86666667,,265.06666667,,,
2026-05-09 12:30:00,,,387.13333333,,251.0,,,
2026-05-09 12:45:00,,,375.66666667,,242.53333333,,,
2026-05-09 13:00:00,,,393.8,,223.26666667,,,
2026-05-09 13:15:00,,,434.06666667,,213.53333333,,,
2026-05-09 13:30:00,,,446.93333333,,228.4,,,
2026-05-09 13:45:00,,,472.0,,200.26666667,,,
2026-05-09 14:00:00,,,436.4,,207.6,,,
2026-05-09 14:15:00,,,391.0,,205.66666667,,,
2026-05-09 14:30:00,,,286.2,,297.06666667,,,
2026-05-09 14:45:00,,,325.125,,354.66666667,,,
2026-05-09 15:00:00,,,338.66666667,,238.06666667,,,
2026-05-09 15:15:00,,,318.26666667,,243.33333333,,,
2026-05-09 15:30:00,,,302.6,,248.2,,,
2026-05-09 15:45:00,,,302.06666667,,258.93333333,,,
2026-05-09 16:00:00,,,300.26666667,,253.46666667,,,
2026-05-09 16:15:00,,,305.86666667,,236.93333333,,,
2026-05-09 16:30:00,,,288.33333333,,248.93333333,,,
2026-05-09 16:45:00,,,282.2,,245.26666667,,,
2026-05-09 17:00:00,,,286.2,,256.8,,,
2026-05-09 17:15:00,,,365.53333333,,267.53333333,,,
2026-05-09 17:30:00,,,283.8,,253.0,,,
2026-05-09 17:45:00,,,271.73333333,,262.73333333,,,
2026-05-09 18:00:00,,,276.0,,270.86666667,,,
2026-05-09 18:15:00,,,249.5,,270.66666667,,,
2026-05-09 18:30:00,,,183.25,,281.13333333,,,
2026-05-09 18:45:00,,,,,295.2,,,
2026-05-09 19:00:00,,,,,313.4,,,
2026-05-09 19:15:00,,,,,516.13333333,,,
2026-05-09 19:30:00,,,,,503.06666667,,,
2026-05-09 19:45:00,,,,,334.66666667,,,
2026-05-09 20:00:00,,,,,317.13333333,,,
2026-05-09 20:15:00,,,,,377.66666667,,,
2026-05-09 20:30:00,,,,,381.13333333,,,
2026-05-09 20:45:00,,,,,413.06666667,,,
2026-05-09 21:00:00,,,,,411.73333333,,,
2026-05-09 21:15:00,,,,,460.8,,,
2026-05-09 21:30:00,,,,,498.26666667,,,
2026-05-09 21:45:00,,,,,501.73333333,,,
2026-05-09 22:00:00,,,,,515.2,,,
2026-05-09 22:15:00,,,,,484.0,,,
2026-05-09 22:30:00,,,,,441.0,,,
2026-05-09 22:45:00,,,,,446.0,,,
2026-05-09 23:00:00,,,,,467.73333333,,,
2026-05-09 23:15:00,,,,,482.66666667,,,
2026-05-09 23:30:00,,,,,491.86666667,,,
2026-05-09 23:45:00,,,,,506.0,,,
2026-05-10 00:00:00,,,,,471.73333333,,,
2026-05-10 00:15:00,,,,,459.93333333,,,
2026-05-10 00:30:00,,,,,502.73333333,,,
2026-05-10 00:45:00,,,,,577.6,,,
2026-05-10 01:00:00,,,,,597.26666667,,,
2026-05-10 01:15:00,,,,,541.33333333,,,
2026-05-10 01:30:00,,,,,424.13333333,,,
2026-05-10 01:45:00,,,,,371.73333333,,,
2026-05-10 02:00:00,,,,,352.4,,,
2026-05-10 02:15:00,,,,,341.66666667,,,
2026-05-10 02:30:00,,,,,337.8,,,
2026-05-10 02:45:00,,,,,339.26666667,,,
2026-05-10 03:00:00,,,,,338.93333333,,,
2026-05-10 03:15:00,,,,,342.73333333,,,
2026-05-10 03:30:00,,,,,338.8,,,
2026-05-10 03:45:00,,,,,345.26666667,,,
2026-05-10 04:00:00,,,,,364.86666667,,,
2026-05-10 04:15:00,,,,,421.66666667,,,
2026-05-10 04:30:00,,,,,508.73333333,,,
2026-05-10 04:45:00,,,,,542.06666667,,,
2026-05-10 05:00:00,,,,,550.66666667,,,
2026-05-10 05:15:00,,,,,528.53333333,,,
2026-05-10 05:30:00,,,,,511.06666667,,,
2026-05-10 05:45:00,,,,,497.6,,,
2026-05-10 06:00:00,,,,,485.26666667,,,
2026-05-10 06:15:00,,,,,464.4,,,
2026-05-10 06:30:00,,,,,452.4,,,
2026-05-10 06:45:00,,,,,447.26666667,,,
2026-05-10 07:00:00,,,,,460.2,,,
2026-05-10 07:15:00,,,,,463.33333333,,,
2026-05-10 07:30:00,,,,,473.2,,,
2026-05-10 07:45:00,,,,,466.2,,,
2026-05-10 08:00:00,,,,,493.13333333,,,
2026-05-10 08:15:00,,,,,448.13333333,,,
2026-05-10 08:30:00,,,,,430.53333333,,,
2026-05-10 08:45:00,,,,,417.66666667,,,
2026-05-10 09:00:00,,,,,359.8,,,
2026-05-10 09:15:00,,,,,330.2,,,
2026-05-10 09:30:00,,,,,330.86666667,,,
2026-05-10 09:45:00,,,,,338.13333333,,,
2026-05-10 10:00:00,,,,,358.06666667,,,
2026-05-10 10:15:00,,,,,335.6,,,
2026-05-10 10:30:00,,,,,362.66666667,,,
2026-05-10 10:45:00,,,,,349.06666667,,,
2026-05-10 11:00:00,,,,,324.66666667,,,
2026-05-10 11:15:00,,,,,325.93333333,,,
2026-05-10 11:30:00,,,,,357.86666667,,,
2026-05-10 11:45:00,,,,,368.23076923,,,
