Date/Time,7841_O_nan,5267_O_HIPK
2016-05-01 12:30:00,,61.7
2016-05-01 12:45:00,,59.266666666666666
2016-05-01 13:00:00,,59.4
2016-05-01 13:15:00,,57.2
2016-05-01 13:30:00,,52.0
2016-05-01 13:45:00,,48.6
2016-05-01 14:00:00,,44.93333333333333
2016-05-01 14:15:00,,45.4
2016-05-01 14:30:00,,44.666666666666664
2016-05-01 14:45:00,,43.266666666666666
2016-05-01 15:00:00,,44.333333333333336
2016-05-01 15:15:00,,49.666666666666664
2016-05-01 15:30:00,,46.86666666666667
2016-05-01 15:45:00,,50.266666666666666
2016-05-01 16:00:00,,51.266666666666666
2016-05-01 16:15:00,,49.266666666666666
2016-05-01 16:30:00,,51.333333333333336
2016-05-01 16:45:00,,56.266666666666666
2016-05-01 17:00:00,,56.6
2016-05-01 17:15:00,,59.8
2016-05-01 17:30:00,,61.266666666666666
2016-05-01 17:45:00,,66.53333333333333
2016-05-01 18:00:00,,72.13333333333334
2016-05-01 18:15:00,,89.86666666666666
2016-05-01 18:30:00,,86.53333333333333
2016-05-01 18:45:00,,68.13333333333334
2016-05-01 19:00:00,,47.06666666666667
2016-05-01 19:15:00,,47.266666666666666
2016-05-01 19:30:00,,56.86666666666667
2016-05-01 19:45:00,,58.266666666666666
2016-05-01 20:00:00,,54.2
2016-05-01 20:15:00,,62.86666666666667
2016-05-01 20:30:00,,58.53333333333333
2016-05-01 20:45:00,,60.93333333333333
2016-05-01 21:00:00,,53.8
2016-05-01 21:15:00,,62.53333333333333
2016-05-01 21:30:00,,69.0
2016-05-01 21:45:00,,77.93333333333334
2016-05-01 22:00:00,,79.14285714285714
2016-05-01 22:15:00,,77.46666666666667
2016-05-01 22:30:00,,78.93333333333334
2016-05-01 22:45:00,,85.53333333333333
2016-05-01 23:00:00,,78.26666666666667
2016-05-01 23:15:00,,76.8
2016-05-01 23:30:00,,69.93333333333334
2016-05-01 23:45:00,,71.2
2016-05-02 00:00:00,,86.86666666666666
2016-05-02 00:15:00,,83.26666666666667
2016-05-02 00:30:00,,81.46666666666667
2016-05-02 00:45:00,,83.2
2016-05-02 01:00:00,,90.4
2016-05-02 01:15:00,,91.13333333333334
2016-05-02 01:30:00,,95.13333333333334
2016-05-02 01:45:00,58.42857142857143,94.53333333333333
2016-05-02 02:00:00,68.4,104.8
2016-05-02 02:15:00,61.8,109.46666666666667
2016-05-02 02:30:00,60.6,88.4
2016-05-02 02:45:00,58.13333333333333,175.53333333333333
2016-05-02 03:00:00,72.0,104.33333333333333
2016-05-02 03:15:00,67.33333333333333,79.86666666666666
2016-05-02 03:30:00,71.33333333333333,87.6
2016-05-02 03:45:00,69.86666666666666,89.06666666666666
2016-05-02 04:00:00,52.2,99.06666666666666
2016-05-02 04:15:00,48.266666666666666,210.73333333333332
2016-05-02 04:30:00,52.733333333333334,369.3333333333333
2016-05-02 04:45:00,55.2,79.06666666666666
2016-05-02 05:00:00,66.73333333333333,79.0
2016-05-02 05:15:00,64.73333333333333,71.33333333333333
2016-05-02 05:30:00,69.4,66.93333333333334
2016-05-02 05:45:00,66.26666666666667,58.666666666666664
2016-05-02 06:00:00,61.8,63.53333333333333
2016-05-02 06:15:00,61.8,64.2
2016-05-02 06:30:00,58.86666666666667,61.4
2016-05-02 06:45:00,57.8,60.333333333333336
2016-05-02 07:00:00,60.86666666666667,70.86666666666666
2016-05-02 07:15:00,57.8,120.46666666666667
2016-05-02 07:30:00,55.2,99.13333333333334
2016-05-02 07:45:00,52.4,105.33333333333333
2016-05-02 08:00:00,53.2,101.26666666666667
2016-05-02 08:15:00,52.86666666666667,99.8
2016-05-02 08:30:00,52.86666666666667,86.93333333333334
2016-05-02 08:45:00,49.06666666666667,73.26666666666667
2016-05-02 09:00:00,51.46666666666667,64.53333333333333
2016-05-02 09:15:00,47.733333333333334,57.2
2016-05-02 09:30:00,52.6,51.2
2016-05-02 09:45:00,50.2,48.46666666666667
2016-05-02 10:00:00,50.333333333333336,50.53333333333333
2016-05-02 10:15:00,53.06666666666667,46.06666666666667
2016-05-02 10:30:00,56.266666666666666,47.2
2016-05-02 10:45:00,82.2,52.93333333333333
2016-05-02 11:00:00,78.4,44.733333333333334
2016-05-02 11:15:00,79.33333333333333,38.2
2016-05-02 11:30:00,101.53333333333333,42.06666666666667
2016-05-02 11:45:00,60.93333333333333,42.4
2016-05-02 12:00:00,56.333333333333336,39.666666666666664
2016-05-02 12:15:00,50.266666666666666,36.6
2016-05-02 12:30:00,49.333333333333336,36.6
2016-05-02 12:45:00,60.0,31.266666666666666
2016-05-02 13:00:00,51.6,31.4
2016-05-02 13:15:00,50.6,28.2
2016-05-02 13:30:00,54.8,28.266666666666666
2016-05-02 13:45:00,100.33333333333333,25.4
2016-05-02 14:00:00,57.333333333333336,22.533333333333335
2016-05-02 14:15:00,71.86666666666666,21.6
2016-05-02 14:30:00,56.53333333333333,20.8
2016-05-02 14:45:00,53.53333333333333,22.866666666666667
2016-05-02 15:00:00,104.53333333333333,22.533333333333335
2016-05-02 15:15:00,90.26666666666667,25.133333333333333
2016-05-02 15:30:00,53.13333333333333,24.533333333333335
2016-05-02 15:45:00,47.86666666666667,26.0
2016-05-02 16:00:00,42.2,22.066666666666666
2016-05-02 16:15:00,42.13333333333333,23.533333333333335
2016-05-02 16:30:00,39.8,22.266666666666666
2016-05-02 16:45:00,37.266666666666666,21.0
2016-05-02 17:00:00,37.0,22.8
2016-05-02 17:15:00,37.86666666666667,22.933333333333334
2016-05-02 17:30:00,37.333333333333336,20.666666666666668
2016-05-02 17:45:00,35.2,18.2
2016-05-02 18:00:00,33.0,18.2
2016-05-02 18:15:00,28.6,18.133333333333333
2016-05-02 18:30:00,27.4,18.4
2016-05-02 18:45:00,26.466666666666665,16.066666666666666
2016-05-02 19:00:00,26.066666666666666,14.266666666666667
2016-05-02 19:15:00,27.133333333333333,15.266666666666667
2016-05-02 19:30:00,33.333333333333336,14.466666666666667
2016-05-02 19:45:00,35.2,14.666666666666666
2016-05-02 20:00:00,34.93333333333333,14.466666666666667
2016-05-02 20:15:00,36.53333333333333,15.6
2016-05-02 20:30:00,34.8,16.4
2016-05-02 20:45:00,37.733333333333334,16.333333333333332
2016-05-02 21:00:00,41.46666666666667,17.266666666666666
2016-05-02 21:15:00,38.86666666666667,17.066666666666666
2016-05-02 21:30:00,34.46666666666667,18.133333333333333
2016-05-02 21:45:00,28.0,20.0
2016-05-02 22:00:00,29.666666666666668,19.2
2016-05-02 22:15:00,35.93333333333333,20.0
2016-05-02 22:30:00,30.133333333333333,19.2
2016-05-02 22:45:00,31.666666666666668,19.533333333333335
2016-05-02 23:00:00,30.2,21.0
2016-05-02 23:15:00,30.266666666666666,20.0
2016-05-02 23:30:00,33.86666666666667,20.866666666666667
2016-05-02 23:45:00,34.0,21.466666666666665
2016-05-03 00:00:00,34.53333333333333,22.666666666666668
2016-05-03 00:15:00,32.2,23.933333333333334
2016-05-03 00:30:00,32.8,23.6
2016-05-03 00:45:00,30.666666666666668,24.466666666666665
2016-05-03 01:00:00,32.93333333333333,24.933333333333334
2016-05-03 01:15:00,30.2,25.133333333333333
2016-05-03 01:30:00,28.133333333333333,24.333333333333332
2016-05-03 01:45:00,28.866666666666667,25.666666666666668
2016-05-03 02:00:00,32.0,29.066666666666666
2016-05-03 02:15:00,35.53333333333333,29.533333333333335
2016-05-03 02:30:00,31.266666666666666,31.2
2016-05-03 02:45:00,28.066666666666666,30.2
2016-05-03 03:00:00,24.866666666666667,35.0
2016-05-03 03:15:00,27.266666666666666,34.4
2016-05-03 03:30:00,28.466666666666665,37.93333333333333
2016-05-03 03:45:00,30.333333333333332,37.2
2016-05-03 04:00:00,29.866666666666667,37.93333333333333
2016-05-03 04:15:00,33.46666666666667,38.86666666666667
2016-05-03 04:30:00,30.733333333333334,41.53333333333333
2016-05-03 04:45:00,35.4,39.333333333333336
2016-05-03 05:00:00,33.733333333333334,39.13333333333333
2016-05-03 05:15:00,31.2,39.666666666666664
2016-05-03 05:30:00,34.0,39.86666666666667
2016-05-03 05:45:00,52.4,38.86666666666667
2016-05-03 06:00:00,49.266666666666666,38.8
2016-05-03 06:15:00,41.333333333333336,38.86666666666667
2016-05-03 06:30:00,43.4,39.333333333333336
2016-05-03 06:45:00,42.86666666666667,36.333333333333336
2016-05-03 07:00:00,47.06666666666667,42.06666666666667
2016-05-03 07:15:00,47.6,45.06666666666667
2016-05-03 07:30:00,44.2,41.2
2016-05-03 07:45:00,40.733333333333334,32.6
2016-05-03 08:00:00,39.666666666666664,20.666666666666668
2016-05-03 08:15:00,40.46666666666667,22.333333333333332
2016-05-03 08:30:00,45.6,24.0
2016-05-03 08:45:00,40.733333333333334,23.866666666666667
2016-05-03 09:00:00,37.86666666666667,26.2
2016-05-03 09:15:00,34.2,27.466666666666665
2016-05-03 09:30:00,32.93333333333333,26.0
2016-05-03 09:45:00,30.333333333333332,25.0
2016-05-03 10:00:00,27.8,28.933333333333334
2016-05-03 10:15:00,27.466666666666665,25.8
2016-05-03 10:30:00,27.4,28.666666666666668
2016-05-03 10:45:00,28.733333333333334,23.0
2016-05-03 11:00:00,29.666666666666668,21.4
2016-05-03 11:15:00,24.6,20.8
2016-05-03 11:30:00,28.733333333333334,24.466666666666665
2016-05-03 11:45:00,28.733333333333334,21.466666666666665
2016-05-03 12:00:00,29.733333333333334,19.8
2016-05-03 12:15:00,24.333333333333332,18.6
2016-05-03 12:30:00,92.86666666666666,22.4
2016-05-03 12:45:00,20.333333333333332,26.466666666666665
2016-05-03 13:00:00,24.8,29.6
2016-05-03 13:15:00,26.466666666666665,30.533333333333335
2016-05-03 13:30:00,18.466666666666665,30.0
2016-05-03 13:45:00,20.733333333333334,21.333333333333332
2016-05-03 14:00:00,17.4,18.6
2016-05-03 14:15:00,18.6,15.066666666666666
2016-05-03 14:30:00,26.2,17.666666666666668
2016-05-03 14:45:00,20.4,17.733333333333334
2016-05-03 15:00:00,44.6,19.0
2016-05-03 15:15:00,41.13333333333333,22.066666666666666
2016-05-03 15:30:00,28.066666666666666,20.066666666666666
2016-05-03 15:45:00,24.0,19.866666666666667
2016-05-03 16:00:00,24.933333333333334,23.4
2016-05-03 16:15:00,24.933333333333334,22.8
2016-05-03 16:30:00,20.8,18.0
2016-05-03 16:45:00,18.933333333333334,16.733333333333334
2016-05-03 17:00:00,27.866666666666667,16.6
2016-05-03 17:15:00,23.666666666666668,18.266666666666666
2016-05-03 17:30:00,19.2,20.4
2016-05-03 17:45:00,27.0,17.2
2016-05-03 18:00:00,21.266666666666666,17.333333333333332
2016-05-03 18:15:00,20.4,24.866666666666667
2016-05-03 18:30:00,16.8,17.466666666666665
2016-05-03 18:45:00,18.2,12.133333333333333
2016-05-03 19:00:00,24.866666666666667,13.066666666666666
2016-05-03 19:15:00,20.466666666666665,11.333333333333334
2016-05-03 19:30:00,21.933333333333334,14.333333333333334
2016-05-03 19:45:00,23.933333333333334,18.733333333333334
2016-05-03 20:00:00,26.4,16.933333333333334
2016-05-03 20:15:00,22.533333333333335,16.933333333333334
2016-05-03 20:30:00,23.0,18.533333333333335
2016-05-03 20:45:00,23.2,21.266666666666666
2016-05-03 21:00:00,24.933333333333334,23.066666666666666
2016-05-03 21:15:00,26.333333333333332,22.8
2016-05-03 21:30:00,24.533333333333335,24.2
2016-05-03 21:45:00,26.666666666666668,25.866666666666667
2016-05-03 22:00:00,37.46666666666667,28.066666666666666
2016-05-03 22:15:00,34.333333333333336,28.2
2016-05-03 22:30:00,26.133333333333333,27.4
2016-05-03 22:45:00,26.6,27.466666666666665
2016-05-03 23:00:00,25.8,30.466666666666665
2016-05-03 23:15:00,28.333333333333332,24.133333333333333
2016-05-03 23:30:00,29.0,23.266666666666666
2016-05-03 23:45:00,30.866666666666667,17.933333333333334
2016-05-04 00:00:00,27.933333333333334,17.933333333333334
2016-05-04 00:15:00,31.6,16.6
2016-05-04 00:30:00,38.53333333333333,16.6
2016-05-04 00:45:00,42.13333333333333,15.8
2016-05-04 01:00:00,46.666666666666664,15.733333333333333
2016-05-04 01:15:00,44.13333333333333,14.4
2016-05-04 01:30:00,43.2,13.466666666666667
2016-05-04 01:45:00,47.86666666666667,14.133333333333333
2016-05-04 02:00:00,53.2,15.466666666666667
2016-05-04 02:15:00,55.2,12.933333333333334
2016-05-04 02:30:00,58.46666666666667,14.866666666666667
2016-05-04 02:45:00,50.93333333333333,14.2
2016-05-04 03:00:00,48.86666666666667,13.333333333333334
2016-05-04 03:15:00,48.666666666666664,15.933333333333334
2016-05-04 03:30:00,46.6,17.22222222222222
2016-05-04 03:45:00,41.666666666666664,
2016-05-04 04:00:00,40.333333333333336,
2016-05-04 04:15:00,39.13333333333333,
2016-05-04 04:30:00,36.8,
2016-05-04 04:45:00,45.6,
2016-05-04 05:00:00,51.666666666666664,
2016-05-04 05:15:00,51.733333333333334,
2016-05-04 05:30:00,48.333333333333336,
2016-05-04 05:45:00,45.53333333333333,
2016-05-04 06:00:00,41.266666666666666,
2016-05-04 06:15:00,40.6,
2016-05-04 06:30:00,41.46666666666667,
2016-05-04 06:45:00,36.6,
2016-05-04 07:00:00,41.53333333333333,
2016-05-04 07:15:00,45.333333333333336,
2016-05-04 07:30:00,49.0,
2016-05-04 07:45:00,42.733333333333334,
2016-05-04 08:00:00,37.0,
2016-05-04 08:15:00,42.266666666666666,
2016-05-04 08:30:00,55.2,
2016-05-04 08:45:00,57.06666666666667,
2016-05-04 09:00:00,49.8,
2016-05-04 09:15:00,40.53333333333333,
2016-05-04 09:30:00,47.8,
2016-05-04 09:45:00,48.13333333333333,
2016-05-04 10:00:00,58.4,
2016-05-04 10:15:00,53.0,
2016-05-04 10:30:00,41.46666666666667,
2016-05-04 10:45:00,41.0,
2016-05-04 11:00:00,35.86666666666667,
2016-05-04 11:15:00,26.666666666666668,
2016-05-04 11:30:00,20.8,
2016-05-04 11:45:00,26.133333333333333,
2016-05-04 12:00:00,24.8,
2016-05-04 12:15:00,22.4,
2016-05-04 12:30:00,22.2,
2016-05-04 12:45:00,31.0,
2016-05-04 13:00:00,26.0,
2016-05-04 13:15:00,24.2,
2016-05-04 13:30:00,25.2,
2016-05-04 13:45:00,27.4,
2016-05-04 14:00:00,23.733333333333334,
2016-05-04 14:15:00,24.333333333333332,
2016-05-04 14:30:00,21.6,
2016-05-04 14:45:00,24.466666666666665,
2016-05-04 15:00:00,24.333333333333332,25.363636363636363
2016-05-04 15:15:00,27.266666666666666,24.066666666666666
2016-05-04 15:30:00,25.266666666666666,25.533333333333335
2016-05-04 15:45:00,31.533333333333335,25.266666666666666
2016-05-04 16:00:00,31.6,25.6
2016-05-04 16:15:00,22.066666666666666,42.4
2016-05-04 16:30:00,19.133333333333333,37.0
2016-05-04 16:45:00,19.4,30.0
2016-05-04 17:00:00,17.8,31.0
2016-05-04 17:15:00,17.666666666666668,27.733333333333334
2016-05-04 17:30:00,13.8,28.266666666666666
2016-05-04 17:45:00,14.866666666666667,33.0
2016-05-04 18:00:00,16.4,61.733333333333334
2016-05-04 18:15:00,16.266666666666666,61.266666666666666
2016-05-04 18:30:00,19.333333333333332,57.333333333333336
2016-05-04 18:45:00,27.266666666666666,44.0
2016-05-04 19:00:00,25.0,38.733333333333334
2016-05-04 19:15:00,24.0,33.4
2016-05-04 19:30:00,27.066666666666666,38.733333333333334
2016-05-04 19:45:00,32.93333333333333,39.93333333333333
2016-05-04 20:00:00,33.86666666666667,36.2
2016-05-04 20:15:00,32.13333333333333,36.266666666666666
2016-05-04 20:30:00,36.6,34.06666666666667
2016-05-04 20:45:00,31.6,33.333333333333336
2016-05-04 21:00:00,30.2,36.266666666666666
2016-05-04 21:15:00,28.4,37.46666666666667
2016-05-04 21:30:00,27.733333333333334,36.333333333333336
2016-05-04 21:45:00,27.933333333333334,32.266666666666666
2016-05-04 22:00:00,34.13333333333333,27.466666666666665
2016-05-04 22:15:00,26.666666666666668,29.933333333333334
2016-05-04 22:30:00,26.8,25.466666666666665
2016-05-04 22:45:00,27.466666666666665,26.533333333333335
2016-05-04 23:00:00,27.8,28.066666666666666
2016-05-04 23:15:00,29.2,29.133333333333333
2016-05-04 23:30:00,32.93333333333333,32.06666666666667
2016-05-04 23:45:00,42.0,32.8
2016-05-05 00:00:00,36.4,35.333333333333336
2016-05-05 00:15:00,29.933333333333334,34.13333333333333
2016-05-05 00:30:00,30.533333333333335,34.8
2016-05-05 00:45:00,40.666666666666664,37.333333333333336
2016-05-05 01:00:00,49.46666666666667,31.266666666666666
2016-05-05 01:15:00,49.4,29.6
2016-05-05 01:30:00,42.2,31.0
2016-05-05 01:45:00,41.13333333333333,29.133333333333333
2016-05-05 02:00:00,42.666666666666664,36.4
2016-05-05 02:15:00,50.6,40.666666666666664
2016-05-05 02:30:00,47.0,36.4
2016-05-05 02:45:00,46.2,36.2
2016-05-05 03:00:00,42.0,36.2
2016-05-05 03:15:00,43.333333333333336,37.333333333333336
2016-05-05 03:30:00,42.333333333333336,38.266666666666666
2016-05-05 03:45:00,43.4,41.06666666666667
2016-05-05 04:00:00,38.733333333333334,41.333333333333336
2016-05-05 04:15:00,38.8,43.06666666666667
2016-05-05 04:30:00,37.733333333333334,44.46666666666667
2016-05-05 04:45:00,43.2,44.733333333333334
2016-05-05 05:00:00,47.86666666666667,47.46666666666667
2016-05-05 05:15:00,54.06666666666667,44.13333333333333
2016-05-05 05:30:00,64.06666666666666,43.2
2016-05-05 05:45:00,55.8,40.733333333333334
2016-05-05 06:00:00,56.666666666666664,39.266666666666666
2016-05-05 06:15:00,54.333333333333336,36.333333333333336
2016-05-05 06:30:00,53.6,34.733333333333334
2016-05-05 06:45:00,57.53333333333333,37.93333333333333
2016-05-05 07:00:00,55.6,41.4
2016-05-05 07:15:00,63.266666666666666,43.4
2016-05-05 07:30:00,56.4,63.13333333333333
2016-05-05 07:45:00,44.86666666666667,52.93333333333333
2016-05-05 08:00:00,44.733333333333334,47.2
2016-05-05 08:15:00,43.86666666666667,47.266666666666666
2016-05-05 08:30:00,43.266666666666666,56.6
2016-05-05 08:45:00,41.666666666666664,57.06666666666667
2016-05-05 09:00:00,41.733333333333334,51.86666666666667
2016-05-05 09:15:00,44.06666666666667,48.333333333333336
2016-05-05 09:30:00,41.4,44.53333333333333
2016-05-05 09:45:00,45.266666666666666,39.93333333333333
2016-05-05 10:00:00,41.06666666666667,23.0
2016-05-05 10:15:00,40.8,26.333333333333332
2016-05-05 10:30:00,38.93333333333333,19.266666666666666
2016-05-05 10:45:00,39.733333333333334,17.333333333333332
2016-05-05 11:00:00,39.46666666666667,13.933333333333334
2016-05-05 11:15:00,39.8,14.4
2016-05-05 11:30:00,40.6,16.733333333333334
2016-05-05 11:45:00,39.266666666666666,14.533333333333333
2016-05-05 12:00:00,36.8,15.6
2016-05-05 12:15:00,34.4,12.933333333333334
2016-05-05 12:30:00,38.666666666666664,17.866666666666667
2016-05-05 12:45:00,33.266666666666666,14.066666666666666
2016-05-05 13:00:00,32.6,13.733333333333333
2016-05-05 13:15:00,30.0,14.8
2016-05-05 13:30:00,31.666666666666668,16.333333333333332
2016-05-05 13:45:00,24.933333333333334,15.866666666666667
2016-05-05 14:00:00,20.866666666666667,15.933333333333334
2016-05-05 14:15:00,21.2,18.333333333333332
2016-05-05 14:30:00,19.533333333333335,15.533333333333333
2016-05-05 14:45:00,20.6,23.666666666666668
2016-05-05 15:00:00,69.6,30.0
2016-05-05 15:15:00,100.73333333333333,37.4
2016-05-05 15:30:00,79.46666666666667,27.6
2016-05-05 15:45:00,41.733333333333334,27.533333333333335
2016-05-05 16:00:00,38.8,23.0
2016-05-05 16:15:00,30.0,26.0
2016-05-05 16:30:00,41.6,24.133333333333333
2016-05-05 16:45:00,54.6,28.0
2016-05-05 17:00:00,49.86666666666667,25.4
2016-05-05 17:15:00,48.2,25.2
2016-05-05 17:30:00,41.2,26.466666666666665
2016-05-05 17:45:00,33.06666666666667,27.2
2016-05-05 18:00:00,38.4,27.2
2016-05-05 18:15:00,41.0,26.533333333333335
2016-05-05 18:30:00,36.0,23.533333333333335
2016-05-05 18:45:00,29.733333333333334,23.866666666666667
2016-05-05 19:00:00,25.0,23.733333333333334
2016-05-05 19:15:00,28.266666666666666,21.733333333333334
2016-05-05 19:30:00,27.666666666666668,21.466666666666665
2016-05-05 19:45:00,23.266666666666666,20.066666666666666
2016-05-05 20:00:00,23.2,19.866666666666667
2016-05-05 20:15:00,21.533333333333335,19.866666666666667
2016-05-05 20:30:00,21.866666666666667,21.933333333333334
2016-05-05 20:45:00,25.933333333333334,23.8
2016-05-05 21:00:00,27.8,23.2
2016-05-05 21:15:00,25.4,24.733333333333334
2016-05-05 21:30:00,26.866666666666667,24.066666666666666
2016-05-05 21:45:00,26.466666666666665,22.866666666666667
2016-05-05 22:00:00,26.133333333333333,22.2
2016-05-05 22:15:00,26.333333333333332,23.533333333333335
2016-05-05 22:30:00,27.133333333333333,21.2
2016-05-05 22:45:00,27.0,23.066666666666666
2016-05-05 23:00:00,24.133333333333333,22.666666666666668
2016-05-05 23:15:00,24.2,22.266666666666666
2016-05-05 23:30:00,29.666666666666668,23.466666666666665
2016-05-05 23:45:00,28.333333333333332,22.733333333333334
2016-05-06 00:00:00,27.733333333333334,22.8
2016-05-06 00:15:00,26.733333333333334,21.6
2016-05-06 00:30:00,28.866666666666667,22.0
2016-05-06 00:45:00,28.933333333333334,21.666666666666668
2016-05-06 01:00:00,28.266666666666666,19.6
2016-05-06 01:15:00,29.266666666666666,20.6
2016-05-06 01:30:00,31.666666666666668,22.066666666666666
2016-05-06 01:45:00,28.133333333333333,25.266666666666666
2016-05-06 02:00:00,26.2,25.666666666666668
2016-05-06 02:15:00,27.533333333333335,26.4
2016-05-06 02:30:00,25.866666666666667,25.666666666666668
2016-05-06 02:45:00,29.333333333333332,24.8
2016-05-06 03:00:00,31.666666666666668,24.933333333333334
2016-05-06 03:15:00,38.93333333333333,24.2
2016-05-06 03:30:00,28.6,24.533333333333335
2016-05-06 03:45:00,26.8,24.8
2016-05-06 04:00:00,25.533333333333335,25.733333333333334
2016-05-06 04:15:00,24.666666666666668,24.733333333333334
2016-05-06 04:30:00,32.266666666666666,23.533333333333335
2016-05-06 04:45:00,30.0,23.133333333333333
2016-05-06 05:00:00,29.066666666666666,24.8
2016-05-06 05:15:00,31.333333333333332,24.533333333333335
2016-05-06 05:30:00,29.933333333333334,24.333333333333332
2016-05-06 05:45:00,29.933333333333334,25.933333333333334
2016-05-06 06:00:00,30.733333333333334,26.733333333333334
2016-05-06 06:15:00,32.666666666666664,27.066666666666666
2016-05-06 06:30:00,32.53333333333333,32.06666666666667
2016-05-06 06:45:00,32.0,38.93333333333333
2016-05-06 07:00:00,30.733333333333334,41.8
2016-05-06 07:15:00,36.13333333333333,62.4
2016-05-06 07:30:00,40.0,57.06666666666667
2016-05-06 07:45:00,43.06666666666667,56.93333333333333
2016-05-06 08:00:00,44.266666666666666,55.93333333333333
2016-05-06 08:15:00,46.13333333333333,50.86666666666667
2016-05-06 08:30:00,45.93333333333333,45.86666666666667
2016-05-06 08:45:00,44.8,44.6
2016-05-06 09:00:00,46.46666666666667,44.13333333333333
2016-05-06 09:15:00,44.266666666666666,37.13333333333333
2016-05-06 09:30:00,44.46666666666667,33.666666666666664
2016-05-06 09:45:00,42.46666666666667,30.0
2016-05-06 10:00:00,44.0,28.733333333333334
2016-05-06 10:15:00,38.666666666666664,29.333333333333332
2016-05-06 10:30:00,36.2,29.533333333333335
2016-05-06 10:45:00,31.466666666666665,28.2
2016-05-06 11:00:00,29.933333333333334,28.533333333333335
2016-05-06 11:15:00,32.93333333333333,29.0
2016-05-06 11:30:00,33.6,26.8
2016-05-06 11:45:00,35.666666666666664,30.266666666666666
2016-05-06 12:00:00,33.06666666666667,26.4
2016-05-06 12:15:00,32.666666666666664,27.133333333333333
2016-05-06 12:30:00,28.733333333333334,28.2
2016-05-06 12:45:00,30.4,26.333333333333332
2016-05-06 13:00:00,31.533333333333335,28.666666666666668
2016-05-06 13:15:00,33.333333333333336,29.533333333333335
2016-05-06 13:30:00,30.133333333333333,27.4
2016-05-06 13:45:00,30.666666666666668,28.333333333333332
2016-05-06 14:00:00,31.533333333333335,28.133333333333333
2016-05-06 14:15:00,28.933333333333334,25.466666666666665
2016-05-06 14:30:00,33.53333333333333,26.2
2016-05-06 14:45:00,45.666666666666664,26.466666666666665
2016-05-06 15:00:00,34.0,27.133333333333333
2016-05-06 15:15:00,28.8,25.866666666666667
2016-05-06 15:30:00,28.4,26.133333333333333
2016-05-06 15:45:00,28.6,23.4
2016-05-06 16:00:00,28.0,24.666666666666668
2016-05-06 16:15:00,26.533333333333335,25.066666666666666
2016-05-06 16:30:00,28.0,26.6
2016-05-06 16:45:00,29.866666666666667,27.866666666666667
2016-05-06 17:00:00,26.666666666666668,27.0
2016-05-06 17:15:00,29.333333333333332,29.066666666666666
2016-05-06 17:30:00,28.733333333333334,31.666666666666668
2016-05-06 17:45:00,28.066666666666666,34.6
2016-05-06 18:00:00,30.866666666666667,31.133333333333333
2016-05-06 18:15:00,29.066666666666666,32.46666666666667
2016-05-06 18:30:00,24.666666666666668,35.266666666666666
2016-05-06 18:45:00,24.866666666666667,38.93333333333333
2016-05-06 19:00:00,23.466666666666665,33.86666666666667
2016-05-06 19:15:00,25.933333333333334,29.8
2016-05-06 19:30:00,26.866666666666667,29.6
2016-05-06 19:45:00,28.133333333333333,30.133333333333333
2016-05-06 20:00:00,24.266666666666666,30.0
2016-05-06 20:15:00,24.933333333333334,29.733333333333334
2016-05-06 20:30:00,26.2,31.133333333333333
2016-05-06 20:45:00,27.733333333333334,34.53333333333333
2016-05-06 21:00:00,31.733333333333334,39.86666666666667
2016-05-06 21:15:00,29.466666666666665,40.0
2016-05-06 21:30:00,28.866666666666667,41.86666666666667
2016-05-06 21:45:00,27.866666666666667,42.333333333333336
2016-05-06 22:00:00,30.333333333333332,40.13333333333333
2016-05-06 22:15:00,28.533333333333335,39.666666666666664
2016-05-06 22:30:00,28.0,40.46666666666667
2016-05-06 22:45:00,27.666666666666668,36.0
2016-05-06 23:00:00,28.133333333333333,37.2
2016-05-06 23:15:00,28.4,38.86666666666667
2016-05-06 23:30:00,26.2,48.46666666666667
2016-05-06 23:45:00,28.733333333333334,50.2
2016-05-07 00:00:00,28.666666666666668,49.06666666666667
2016-05-07 00:15:00,27.0,50.0
2016-05-07 00:30:00,28.666666666666668,50.0
2016-05-07 00:45:00,28.0,47.13333333333333
2016-05-07 01:00:00,28.8,48.06666666666667
2016-05-07 01:15:00,31.466666666666665,50.266666666666666
2016-05-07 01:30:00,31.066666666666666,49.666666666666664
2016-05-07 01:45:00,32.06666666666667,49.8
2016-05-07 02:00:00,34.333333333333336,52.46666666666667
2016-05-07 02:15:00,36.06666666666667,52.4
2016-05-07 02:30:00,34.93333333333333,51.4
2016-05-07 02:45:00,33.0,56.0
2016-05-07 03:00:00,33.2,54.86666666666667
2016-05-07 03:15:00,33.93333333333333,53.333333333333336
2016-05-07 03:30:00,34.733333333333334,56.06666666666667
2016-05-07 03:45:00,32.8,57.666666666666664
2016-05-07 04:00:00,33.666666666666664,57.46666666666667
2016-05-07 04:15:00,34.2,61.733333333333334
2016-05-07 04:30:00,31.266666666666666,61.53333333333333
2016-05-07 04:45:00,31.2,60.666666666666664
2016-05-07 05:00:00,30.133333333333333,66.6
2016-05-07 05:15:00,29.2,60.2
2016-05-07 05:30:00,31.133333333333333,67.6
2016-05-07 05:45:00,34.8,68.13333333333334
2016-05-07 06:00:00,34.46666666666667,68.33333333333333
2016-05-07 06:15:00,36.46666666666667,73.2
2016-05-07 06:30:00,33.93333333333333,70.06666666666666
2016-05-07 06:45:00,37.53333333333333,71.2
2016-05-07 07:00:00,31.4,72.13333333333334
2016-05-07 07:15:00,36.13333333333333,75.13333333333334
2016-05-07 07:30:00,35.333333333333336,84.8
2016-05-07 07:45:00,37.4,91.13333333333334
2016-05-07 08:00:00,39.4,85.26666666666667
2016-05-07 08:15:00,36.13333333333333,72.6
2016-05-07 08:30:00,32.8,81.33333333333333
2016-05-07 08:45:00,32.333333333333336,70.93333333333334
2016-05-07 09:00:00,31.2,59.666666666666664
2016-05-07 09:15:00,34.13333333333333,56.266666666666666
2016-05-07 09:30:00,32.8,72.53333333333333
2016-05-07 09:45:00,34.4,104.0
2016-05-07 10:00:00,34.46666666666667,95.93333333333334
2016-05-07 10:15:00,33.2,71.6
2016-05-07 10:30:00,33.53333333333333,74.2
2016-05-07 10:45:00,33.4,66.2
2016-05-07 11:00:00,35.46666666666667,71.0
2016-05-07 11:15:00,33.8,58.266666666666666
2016-05-07 11:30:00,36.46666666666667,53.2
2016-05-07 11:45:00,36.86666666666667,48.266666666666666
2016-05-07 12:00:00,48.266666666666666,45.666666666666664
2016-05-07 12:15:00,53.46666666666667,42.266666666666666
2016-05-07 12:30:00,35.53333333333333,40.0
2016-05-07 12:45:00,33.86666666666667,37.46666666666667
2016-05-07 13:00:00,35.266666666666666,38.4
2016-05-07 13:15:00,36.0,40.0
2016-05-07 13:30:00,53.666666666666664,39.8
2016-05-07 13:45:00,32.266666666666666,39.46666666666667
2016-05-07 14:00:00,29.066666666666666,38.93333333333333
2016-05-07 14:15:00,38.2,36.333333333333336
2016-05-07 14:30:00,25.866666666666667,37.46666666666667
2016-05-07 14:45:00,26.133333333333333,33.06666666666667
2016-05-07 15:00:00,31.933333333333334,32.13333333333333
2016-05-07 15:15:00,30.066666666666666,30.733333333333334
2016-05-07 15:30:00,31.533333333333335,30.2
2016-05-07 15:45:00,37.93333333333333,30.0
2016-05-07 16:00:00,29.533333333333335,27.8
2016-05-07 16:15:00,32.06666666666667,33.0
2016-05-07 16:30:00,34.86666666666667,32.666666666666664
2016-05-07 16:45:00,37.0,32.93333333333333
2016-05-07 17:00:00,43.733333333333334,31.6
2016-05-07 17:15:00,48.93333333333333,31.6
2016-05-07 17:30:00,47.53333333333333,41.666666666666664
2016-05-07 17:45:00,51.93333333333333,39.06666666666667
2016-05-07 18:00:00,46.06666666666667,49.2
2016-05-07 18:15:00,147.4,45.8
2016-05-07 18:30:00,96.86666666666666,39.46666666666667
2016-05-07 18:45:00,76.6,49.333333333333336
2016-05-07 19:00:00,52.266666666666666,47.333333333333336
2016-05-07 19:15:00,58.733333333333334,53.4
2016-05-07 19:30:00,55.8,50.93333333333333
2016-05-07 19:45:00,56.0,52.06666666666667
2016-05-07 20:00:00,58.733333333333334,51.733333333333334
2016-05-07 20:15:00,60.733333333333334,57.86666666666667
2016-05-07 20:30:00,62.46666666666667,61.13333333333333
2016-05-07 20:45:00,98.46666666666667,61.2
2016-05-07 21:00:00,77.53333333333333,64.26666666666667
2016-05-07 21:15:00,86.93333333333334,60.53333333333333
2016-05-07 21:30:00,122.0,64.46666666666667
2016-05-07 21:45:00,62.6,68.2
2016-05-07 22:00:00,113.2,67.6
2016-05-07 22:15:00,67.4,69.33333333333333
2016-05-07 22:30:00,66.33333333333333,68.8
2016-05-07 22:45:00,77.73333333333333,71.66666666666667
2016-05-07 23:00:00,69.8,70.13333333333334
2016-05-07 23:15:00,60.333333333333336,65.33333333333333
2016-05-07 23:30:00,66.8,69.2
2016-05-07 23:45:00,80.73333333333333,68.33333333333333
2016-05-08 00:00:00,223.6,68.46666666666667
2016-05-08 00:15:00,63.53333333333333,71.0
2016-05-08 00:30:00,59.53333333333333,74.4
2016-05-08 00:45:00,53.6,71.6
2016-05-08 01:00:00,44.4,117.06666666666666
2016-05-08 01:15:00,40.06666666666667,100.53333333333333
2016-05-08 01:30:00,45.0,85.73333333333333
2016-05-08 01:45:00,49.6,89.06666666666666
2016-05-08 02:00:00,51.6,87.13333333333334
2016-05-08 02:15:00,53.06666666666667,79.33333333333333
2016-05-08 02:30:00,55.2,73.6
2016-05-08 02:45:00,62.13333333333333,65.53333333333333
2016-05-08 03:00:00,63.8,61.06666666666667
2016-05-08 03:15:00,59.86666666666667,48.46666666666667
2016-05-08 03:30:00,39.2,41.8
2016-05-08 03:45:00,35.8,39.333333333333336
2016-05-08 04:00:00,42.0,42.666666666666664
2016-05-08 04:15:00,44.733333333333334,45.13333333333333
2016-05-08 04:30:00,41.53333333333333,46.733333333333334
2016-05-08 04:45:00,31.0,49.93333333333333
2016-05-08 05:00:00,30.266666666666666,50.6
2016-05-08 05:15:00,27.666666666666668,49.6
2016-05-08 05:30:00,24.8,47.0
2016-05-08 05:45:00,23.266666666666666,43.06666666666667
2016-05-08 06:00:00,22.8,39.266666666666666
2016-05-08 06:15:00,21.866666666666667,36.53333333333333
2016-05-08 06:30:00,20.333333333333332,37.266666666666666
2016-05-08 06:45:00,20.333333333333332,34.53333333333333
2016-05-08 07:00:00,19.733333333333334,28.8
2016-05-08 07:15:00,19.266666666666666,24.8
2016-05-08 07:30:00,18.666666666666668,24.733333333333334
2016-05-08 07:45:00,16.466666666666665,19.066666666666666
2016-05-08 08:00:00,15.666666666666666,19.866666666666667
2016-05-08 08:15:00,15.8,18.0
2016-05-08 08:30:00,13.466666666666667,17.4
2016-05-08 08:45:00,12.866666666666667,17.2
2016-05-08 09:00:00,15.733333333333333,16.466666666666665
2016-05-08 09:15:00,12.4,27.666666666666668
2016-05-08 09:30:00,11.8,23.866666666666667
2016-05-08 09:45:00,12.866666666666667,19.133333333333333
2016-05-08 10:00:00,14.333333333333334,15.133333333333333
2016-05-08 10:15:00,15.4,15.266666666666667
2016-05-08 10:30:00,14.666666666666666,17.6
2016-05-08 10:45:00,15.266666666666667,17.6
2016-05-08 11:00:00,15.2,18.466666666666665
2016-05-08 11:15:00,64.66666666666667,19.2
2016-05-08 11:30:00,20.8,18.333333333333332
2016-05-08 11:45:00,23.133333333333333,18.733333333333334
2016-05-08 12:00:00,22.066666666666666,20.2
2016-05-08 12:15:00,27.133333333333333,20.066666666666666
2016-05-08 12:30:00,25.866666666666667,21.4
2016-05-08 12:45:00,21.2,20.8
2016-05-08 13:00:00,19.2,19.6
2016-05-08 13:15:00,19.6,19.666666666666668
2016-05-08 13:30:00,20.2,19.0
2016-05-08 13:45:00,20.933333333333334,19.2
2016-05-08 14:00:00,23.6,20.133333333333333
2016-05-08 14:15:00,19.066666666666666,18.2
2016-05-08 14:30:00,14.2,18.0
2016-05-08 14:45:00,27.6,17.733333333333334
2016-05-08 15:00:00,17.133333333333333,16.666666666666668
2016-05-08 15:15:00,16.2,16.6
2016-05-08 15:30:00,22.733333333333334,15.066666666666666
2016-05-08 15:45:00,14.933333333333334,16.333333333333332
2016-05-08 16:00:00,17.466666666666665,15.466666666666667
2016-05-08 16:15:00,14.0,15.666666666666666
2016-05-08 16:30:00,14.8,13.533333333333333
2016-05-08 16:45:00,16.2,25.0
2016-05-08 17:00:00,17.333333333333332,16.533333333333335
2016-05-08 17:15:00,21.666666666666668,15.666666666666666
2016-05-08 17:30:00,18.8,15.466666666666667
2016-05-08 17:45:00,20.933333333333334,15.333333333333334
2016-05-08 18:00:00,16.2,16.333333333333332
2016-05-08 18:15:00,19.4,15.733333333333333
2016-05-08 18:30:00,17.933333333333334,17.333333333333332
2016-05-08 18:45:00,17.866666666666667,16.8
2016-05-08 19:00:00,24.2,17.0
2016-05-08 19:15:00,20.266666666666666,16.2
2016-05-08 19:30:00,22.066666666666666,16.0
2016-05-08 19:45:00,19.4,18.933333333333334
2016-05-08 20:00:00,26.933333333333334,18.666666666666668
2016-05-08 20:15:00,40.666666666666664,17.6
2016-05-08 20:30:00,32.93333333333333,19.933333333333334
2016-05-08 20:45:00,25.333333333333332,19.8
2016-05-08 21:00:00,29.266666666666666,20.533333333333335
2016-05-08 21:15:00,30.8,20.866666666666667
2016-05-08 21:30:00,28.6,22.333333333333332
2016-05-08 21:45:00,27.4,23.533333333333335
2016-05-08 22:00:00,26.4,23.133333333333333
2016-05-08 22:15:00,33.86666666666667,24.466666666666665
2016-05-08 22:30:00,30.8,30.8
2016-05-08 22:45:00,32.733333333333334,30.666666666666668
2016-05-08 23:00:00,32.13333333333333,36.0
2016-05-08 23:15:00,53.2,42.733333333333334
2016-05-08 23:30:00,40.733333333333334,41.266666666666666
2016-05-08 23:45:00,36.4,49.46666666666667
2016-05-09 00:00:00,39.06666666666667,60.13333333333333
2016-05-09 00:15:00,36.13333333333333,63.8
2016-05-09 00:30:00,33.4,74.33333333333333
2016-05-09 00:45:00,35.93333333333333,56.13333333333333
2016-05-09 01:00:00,40.0,44.06666666666667
2016-05-09 01:15:00,34.86666666666667,45.86666666666667
2016-05-09 01:30:00,34.666666666666664,34.06666666666667
2016-05-09 01:45:00,36.0,32.733333333333334
2016-05-09 02:00:00,34.6,33.06666666666667
2016-05-09 02:15:00,36.2,33.666666666666664
2016-05-09 02:30:00,35.2,34.666666666666664
2016-05-09 02:45:00,45.53333333333333,33.733333333333334
2016-05-09 03:00:00,47.733333333333334,33.266666666666666
2016-05-09 03:15:00,46.733333333333334,37.4
2016-05-09 03:30:00,46.2,36.6
2016-05-09 03:45:00,48.666666666666664,36.4
2016-05-09 04:00:00,44.93333333333333,38.333333333333336
2016-05-09 04:15:00,44.46666666666667,37.86666666666667
2016-05-09 04:30:00,44.93333333333333,37.93333333333333
2016-05-09 04:45:00,44.13333333333333,39.4
2016-05-09 05:00:00,43.333333333333336,37.6
2016-05-09 05:15:00,42.266666666666666,41.4
2016-05-09 05:30:00,46.8,54.666666666666664
2016-05-09 05:45:00,42.733333333333334,54.06666666666667
2016-05-09 06:00:00,40.666666666666664,55.6
2016-05-09 06:15:00,46.4,68.33333333333333
2016-05-09 06:30:00,44.2,87.25
2016-05-09 06:45:00,49.53333333333333,144.0
2016-05-09 07:00:00,53.8,
2016-05-09 07:15:00,54.8,
2016-05-09 07:30:00,52.8,
2016-05-09 07:45:00,74.8,
2016-05-09 08:00:00,94.0,
2016-05-09 08:15:00,89.13333333333334,
2016-05-09 08:30:00,79.93333333333334,
2016-05-09 08:45:00,73.46666666666667,
2016-05-09 09:00:00,58.8,
2016-05-09 09:15:00,53.666666666666664,
2016-05-09 09:30:00,61.4,
2016-05-09 09:45:00,58.4,
2016-05-09 10:00:00,58.46666666666667,
2016-05-09 10:15:00,60.2,
2016-05-09 10:30:00,67.26666666666667,
2016-05-09 10:45:00,77.93333333333334,
2016-05-09 11:00:00,70.13333333333334,
2016-05-09 11:15:00,66.93333333333334,
2016-05-09 11:30:00,59.86666666666667,
2016-05-09 11:45:00,57.06666666666667,
2016-05-09 12:00:00,58.86666666666667,
2016-05-09 12:15:00,49.733333333333334,
2016-05-09 12:30:00,62.266666666666666,
2016-05-09 12:45:00,54.333333333333336,
2016-05-09 13:00:00,40.666666666666664,
2016-05-09 13:15:00,33.266666666666666,
2016-05-09 13:30:00,34.6,
2016-05-09 13:45:00,35.46666666666667,
2016-05-09 14:00:00,37.06666666666667,
2016-05-09 14:15:00,46.13333333333333,
2016-05-09 14:30:00,35.733333333333334,
2016-05-09 14:45:00,36.266666666666666,
2016-05-09 15:00:00,35.8,
2016-05-09 15:15:00,33.06666666666667,
2016-05-09 15:30:00,31.933333333333334,
2016-05-09 15:45:00,30.066666666666666,
2016-05-09 16:00:00,33.46666666666667,
2016-05-09 16:15:00,28.733333333333334,
2016-05-09 16:30:00,28.466666666666665,
2016-05-09 16:45:00,31.333333333333332,
2016-05-09 17:00:00,32.2,
2016-05-09 17:15:00,32.0,
2016-05-09 17:30:00,36.666666666666664,
2016-05-09 17:45:00,36.53333333333333,
2016-05-09 18:00:00,32.733333333333334,
2016-05-09 18:15:00,34.6,
2016-05-09 18:30:00,32.8,
2016-05-09 18:45:00,40.0,
2016-05-09 19:00:00,35.733333333333334,
2016-05-09 19:15:00,32.86666666666667,
2016-05-09 19:30:00,41.266666666666666,
2016-05-09 19:45:00,38.2,
2016-05-09 20:00:00,41.666666666666664,
2016-05-09 20:15:00,47.266666666666666,
2016-05-09 20:30:00,43.86666666666667,
2016-05-09 20:45:00,44.266666666666666,
2016-05-09 21:00:00,51.2,
2016-05-09 21:15:00,51.86666666666667,
2016-05-09 21:30:00,52.06666666666667,
2016-05-09 21:45:00,46.6,
2016-05-09 22:00:00,53.733333333333334,
2016-05-09 22:15:00,46.0,
2016-05-09 22:30:00,55.6,
2016-05-09 22:45:00,66.73333333333333,
2016-05-09 23:00:00,59.2,
2016-05-09 23:15:00,50.06666666666667,
2016-05-09 23:30:00,46.93333333333333,
2016-05-09 23:45:00,49.733333333333334,
2016-05-10 00:00:00,59.733333333333334,
2016-05-10 00:15:00,52.93333333333333,
2016-05-10 00:30:00,49.06666666666667,
2016-05-10 00:45:00,58.2,
2016-05-10 01:00:00,57.333333333333336,
2016-05-10 01:15:00,58.0,
2016-05-10 01:30:00,52.6,
2016-05-10 01:45:00,53.666666666666664,
2016-05-10 02:00:00,55.53333333333333,
2016-05-10 02:15:00,58.333333333333336,
2016-05-10 02:30:00,54.666666666666664,
2016-05-10 02:45:00,54.2,
2016-05-10 03:00:00,58.333333333333336,
2016-05-10 03:15:00,56.6,
2016-05-10 03:30:00,56.53333333333333,
2016-05-10 03:45:00,56.6,
2016-05-10 04:00:00,60.13333333333333,
2016-05-10 04:15:00,62.46666666666667,
2016-05-10 04:30:00,58.4,
2016-05-10 04:45:00,58.46666666666667,
2016-05-10 05:00:00,54.93333333333333,
2016-05-10 05:15:00,59.333333333333336,
2016-05-10 05:30:00,56.13333333333333,
2016-05-10 05:45:00,57.4,
2016-05-10 06:00:00,52.86666666666667,
2016-05-10 06:15:00,55.0,
2016-05-10 06:30:00,58.93333333333333,
2016-05-10 06:45:00,57.93333333333333,
2016-05-10 07:00:00,51.6,
2016-05-10 07:15:00,50.13333333333333,
2016-05-10 07:30:00,51.06666666666667,
2016-05-10 07:45:00,54.8,
2016-05-10 08:00:00,55.666666666666664,
2016-05-10 08:15:00,57.86666666666667,
2016-05-10 08:30:00,59.4,
2016-05-10 08:45:00,57.46666666666667,
2016-05-10 09:00:00,59.06666666666667,
2016-05-10 09:15:00,55.13333333333333,
2016-05-10 09:30:00,57.8,
2016-05-10 09:45:00,60.4,
2016-05-10 10:00:00,66.4,
2016-05-10 10:15:00,62.8,
2016-05-10 10:30:00,58.666666666666664,
2016-05-10 10:45:00,51.266666666666666,
2016-05-10 11:00:00,45.266666666666666,
2016-05-10 11:15:00,43.46666666666667,
2016-05-10 11:30:00,44.666666666666664,
2016-05-10 11:45:00,46.86666666666667,
2016-05-10 12:00:00,67.73333333333333,
2016-05-10 12:15:00,54.06666666666667,
2016-05-10 12:30:00,59.8,
2016-05-10 12:45:00,55.0,
2016-05-10 13:00:00,50.4,
2016-05-10 13:15:00,45.8,
2016-05-10 13:30:00,44.666666666666664,
2016-05-10 13:45:00,49.06666666666667,
2016-05-10 14:00:00,98.8,
2016-05-10 14:15:00,63.666666666666664,
2016-05-10 14:30:00,56.53333333333333,
2016-05-10 14:45:00,185.2,
2016-05-10 15:00:00,147.46666666666667,
2016-05-10 15:15:00,62.333333333333336,
2016-05-10 15:30:00,56.4,
2016-05-10 15:45:00,55.86666666666667,
2016-05-10 16:00:00,52.6,
2016-05-10 16:15:00,51.4,
2016-05-10 16:30:00,54.86666666666667,
2016-05-10 16:45:00,49.4,
2016-05-10 17:00:00,49.4,
2016-05-10 17:15:00,47.0,
2016-05-10 17:30:00,47.666666666666664,
2016-05-10 17:45:00,50.4,
2016-05-10 18:00:00,50.46666666666667,
2016-05-10 18:15:00,57.0,
2016-05-10 18:30:00,57.46666666666667,
2016-05-10 18:45:00,58.733333333333334,
2016-05-10 19:00:00,58.13333333333333,
2016-05-10 19:15:00,71.93333333333334,
2016-05-10 19:30:00,88.33333333333333,
2016-05-10 19:45:00,76.33333333333333,
2016-05-10 20:00:00,68.86666666666666,
2016-05-10 20:15:00,60.46666666666667,
2016-05-10 20:30:00,57.13333333333333,
2016-05-10 20:45:00,59.8,
2016-05-10 21:00:00,54.4,
2016-05-10 21:15:00,,
2016-05-10 21:30:00,,
2016-05-10 21:45:00,,
2016-05-10 22:00:00,,
2016-05-10 22:15:00,,
2016-05-10 22:30:00,,
2016-05-10 22:45:00,,
2016-05-10 23:00:00,,
2016-05-10 23:15:00,,
2016-05-10 23:30:00,,
2016-05-10 23:45:00,,
2016-05-11 00:00:00,,
2016-05-11 00:15:00,,
2016-05-11 00:30:00,,
2016-05-11 00:45:00,,
2016-05-11 01:00:00,,
2016-05-11 01:15:00,,
2016-05-11 01:30:00,,
2016-05-11 01:45:00,,
2016-05-11 02:00:00,,
2016-05-11 02:15:00,,
2016-05-11 02:30:00,,
2016-05-11 02:45:00,,
2016-05-11 03:00:00,,
2016-05-11 03:15:00,,
2016-05-11 03:30:00,,
2016-05-11 03:45:00,,
2016-05-11 04:00:00,,
2016-05-11 04:15:00,,
2016-05-11 04:30:00,,
2016-05-11 04:45:00,,
2016-05-11 05:00:00,,
2016-05-11 05:15:00,,
2016-05-11 05:30:00,,
2016-05-11 05:45:00,,
2016-05-11 06:00:00,,
2016-05-11 06:15:00,,
2016-05-11 06:30:00,,
2016-05-11 06:45:00,,
2016-05-11 07:00:00,,
2016-05-11 07:15:00,,
2016-05-11 07:30:00,,
2016-05-11 07:45:00,,
2016-05-11 08:00:00,,
2016-05-11 08:15:00,,
2016-05-11 08:30:00,,
2016-05-11 08:45:00,,
2016-05-11 09:00:00,,
2016-05-11 09:15:00,,
2016-05-11 09:30:00,,
2016-05-11 09:45:00,,
2016-05-11 10:00:00,,
2016-05-11 10:15:00,,
2016-05-11 10:30:00,,
2016-05-11 10:45:00,,
2016-05-11 11:00:00,,
2016-05-11 11:15:00,,
2016-05-11 11:30:00,,
2016-05-11 11:45:00,,
2016-05-11 12:00:00,,
2016-05-11 12:15:00,,
2016-05-11 12:30:00,,
2016-05-11 12:45:00,,
2016-05-11 13:00:00,,
2016-05-11 13:15:00,,
2016-05-11 13:30:00,,
2016-05-11 13:45:00,,
2016-05-11 14:00:00,,
2016-05-11 14:15:00,,
2016-05-11 14:30:00,,
2016-05-11 14:45:00,,
2016-05-11 15:00:00,,
2016-05-11 15:15:00,,
2016-05-11 15:30:00,,
2016-05-11 15:45:00,,
2016-05-11 16:00:00,,
2016-05-11 16:15:00,,
2016-05-11 16:30:00,,
2016-05-11 16:45:00,,
2016-05-11 17:00:00,,
2016-05-11 17:15:00,,
2016-05-11 17:30:00,,
2016-05-11 17:45:00,,
2016-05-11 18:00:00,,
2016-05-11 18:15:00,,
2016-05-11 18:30:00,,
2016-05-11 18:45:00,,
2016-05-11 19:00:00,,
2016-05-11 19:15:00,,
2016-05-11 19:30:00,,
2016-05-11 19:45:00,,
2016-05-11 20:00:00,,
2016-05-11 20:15:00,,
2016-05-11 20:30:00,,
2016-05-11 20:45:00,,
2016-05-11 21:00:00,,
2016-05-11 21:15:00,,
2016-05-11 21:30:00,,
2016-05-11 21:45:00,,
2016-05-11 22:00:00,,
2016-05-11 22:15:00,,
2016-05-11 22:30:00,,
2016-05-11 22:45:00,,
2016-05-11 23:00:00,,
2016-05-11 23:15:00,,
2016-05-11 23:30:00,,
2016-05-11 23:45:00,,
2016-05-12 00:00:00,,
2016-05-12 00:15:00,,
2016-05-12 00:30:00,381.0,
2016-05-12 00:45:00,272.1333333333333,
2016-05-12 01:00:00,998.8,
2016-05-12 01:15:00,686.7333333333333,
2016-05-12 01:30:00,1015.1333333333333,
2016-05-12 01:45:00,751.2,
2016-05-12 02:00:00,332.0,
2016-05-12 02:15:00,412.46666666666664,
2016-05-12 02:30:00,820.2,
2016-05-12 02:45:00,979.0666666666667,
2016-05-12 03:00:00,836.4,
2016-05-12 03:15:00,265.53333333333336,
2016-05-12 03:30:00,158.2,
2016-05-12 03:45:00,198.86666666666667,
2016-05-12 04:00:00,163.26666666666668,
2016-05-12 04:15:00,313.8,
2016-05-12 04:30:00,419.06666666666666,
2016-05-12 04:45:00,492.93333333333334,
2016-05-12 05:00:00,437.73333333333335,
2016-05-12 05:15:00,623.8666666666667,
2016-05-12 05:30:00,406.8,
2016-05-12 05:45:00,377.26666666666665,
2016-05-12 06:00:00,527.3333333333334,
2016-05-12 06:15:00,692.0,
2016-05-12 06:30:00,572.4,
2016-05-12 06:45:00,332.6666666666667,
2016-05-12 07:00:00,630.6,
2016-05-12 07:15:00,589.2666666666667,
2016-05-12 07:30:00,493.06666666666666,
2016-05-12 07:45:00,337.4,
2016-05-12 08:00:00,313.3333333333333,
2016-05-12 08:15:00,567.9333333333333,
2016-05-12 08:30:00,73.73333333333333,
2016-05-12 08:45:00,27.866666666666667,
2016-05-12 09:00:00,33.733333333333334,
2016-05-12 09:15:00,51.4,
2016-05-12 09:30:00,46.8,
2016-05-12 09:45:00,51.6,
2016-05-12 10:00:00,52.0,
2016-05-12 10:15:00,53.4,
2016-05-12 10:30:00,53.333333333333336,
2016-05-12 10:45:00,58.86666666666667,
2016-05-12 11:00:00,59.8,
2016-05-12 11:15:00,68.0,
2016-05-12 11:30:00,59.733333333333334,
2016-05-12 11:45:00,61.46666666666667,
2016-05-12 12:00:00,60.8,
2016-05-12 12:15:00,62.733333333333334,
2016-05-12 12:30:00,64.93333333333334,
2016-05-12 12:45:00,75.73333333333333,
2016-05-12 13:00:00,79.66666666666667,
2016-05-12 13:15:00,62.93333333333333,
2016-05-12 13:30:00,85.93333333333334,
2016-05-12 13:45:00,81.6,
2016-05-12 14:00:00,59.06666666666667,
2016-05-12 14:15:00,60.46666666666667,
2016-05-12 14:30:00,57.333333333333336,
2016-05-12 14:45:00,56.46666666666667,
2016-05-12 15:00:00,56.2,
2016-05-12 15:15:00,57.6,
2016-05-12 15:30:00,44.4,
2016-05-12 15:45:00,38.0,
2016-05-12 16:00:00,39.86666666666667,
2016-05-12 16:15:00,40.333333333333336,
2016-05-12 16:30:00,35.333333333333336,
2016-05-12 16:45:00,34.266666666666666,
2016-05-12 17:00:00,33.86666666666667,
2016-05-12 17:15:00,34.6,
2016-05-12 17:30:00,35.13333333333333,
2016-05-12 17:45:00,33.266666666666666,
2016-05-12 18:00:00,33.733333333333334,
2016-05-12 18:15:00,32.53333333333333,
2016-05-12 18:30:00,31.533333333333335,
2016-05-12 18:45:00,40.53333333333333,
2016-05-12 19:00:00,49.333333333333336,
2016-05-12 19:15:00,50.6,
2016-05-12 19:30:00,76.0,
2016-05-12 19:45:00,74.33333333333333,
2016-05-12 20:00:00,72.86666666666666,
2016-05-12 20:15:00,78.53333333333333,
2016-05-12 20:30:00,64.93333333333334,
2016-05-12 20:45:00,57.6,
2016-05-12 21:00:00,69.8,
2016-05-12 21:15:00,70.66666666666667,
2016-05-12 21:30:00,66.46666666666667,
2016-05-12 21:45:00,64.2,
2016-05-12 22:00:00,65.53333333333333,
2016-05-12 22:15:00,67.73333333333333,
2016-05-12 22:30:00,76.46666666666667,
2016-05-12 22:45:00,97.13333333333334,
2016-05-12 23:00:00,100.33333333333333,
2016-05-12 23:15:00,97.06666666666666,
2016-05-12 23:30:00,96.73333333333333,
2016-05-12 23:45:00,92.86666666666666,
2016-05-13 00:00:00,92.4,
2016-05-13 00:15:00,86.53333333333333,
2016-05-13 00:30:00,85.6,
2016-05-13 00:45:00,93.66666666666667,
2016-05-13 01:00:00,85.53333333333333,
2016-05-13 01:15:00,84.26666666666667,
2016-05-13 01:30:00,96.06666666666666,
2016-05-13 01:45:00,90.86666666666666,
2016-05-13 02:00:00,76.8,
2016-05-13 02:15:00,64.46666666666667,
2016-05-13 02:30:00,64.53333333333333,
2016-05-13 02:45:00,60.46666666666667,
2016-05-13 03:00:00,59.86666666666667,
2016-05-13 03:15:00,60.86666666666667,
2016-05-13 03:30:00,63.666666666666664,
2016-05-13 03:45:00,62.266666666666666,
2016-05-13 04:00:00,66.46666666666667,
2016-05-13 04:15:00,67.2,
2016-05-13 04:30:00,72.46666666666667,
2016-05-13 04:45:00,66.33333333333333,
2016-05-13 05:00:00,56.266666666666666,
2016-05-13 05:15:00,56.93333333333333,
2016-05-13 05:30:00,71.66666666666667,
2016-05-13 05:45:00,73.13333333333334,
2016-05-13 06:00:00,64.33333333333333,
2016-05-13 06:15:00,51.333333333333336,
2016-05-13 06:30:00,39.93333333333333,
2016-05-13 06:45:00,45.666666666666664,
2016-05-13 07:00:00,47.06666666666667,
2016-05-13 07:15:00,50.53333333333333,
2016-05-13 07:30:00,47.6,
2016-05-13 07:45:00,44.13333333333333,
2016-05-13 08:00:00,46.6,
2016-05-13 08:15:00,47.53333333333333,
2016-05-13 08:30:00,44.93333333333333,
2016-05-13 08:45:00,48.86666666666667,
2016-05-13 09:00:00,44.13333333333333,
2016-05-13 09:15:00,43.666666666666664,
2016-05-13 09:30:00,51.333333333333336,
2016-05-13 09:45:00,47.86666666666667,
2016-05-13 10:00:00,68.06666666666666,
2016-05-13 10:15:00,73.33333333333333,
2016-05-13 10:30:00,43.0,
2016-05-13 10:45:00,41.6,
2016-05-13 11:00:00,43.333333333333336,
2016-05-13 11:15:00,41.93333333333333,
2016-05-13 11:30:00,44.266666666666666,
2016-05-13 11:45:00,61.13333333333333,
2016-05-13 12:00:00,45.666666666666664,
2016-05-13 12:15:00,40.8,
2016-05-13 12:30:00,46.53333333333333,
2016-05-13 12:45:00,41.86666666666667,
2016-05-13 13:00:00,40.666666666666664,
2016-05-13 13:15:00,43.6,
2016-05-13 13:30:00,41.266666666666666,
2016-05-13 13:45:00,75.26666666666667,
2016-05-13 14:00:00,59.06666666666667,
2016-05-13 14:15:00,64.8,
2016-05-13 14:30:00,42.333333333333336,
2016-05-13 14:45:00,51.666666666666664,
2016-05-13 15:00:00,48.266666666666666,
2016-05-13 15:15:00,34.266666666666666,
2016-05-13 15:30:00,40.13333333333333,
2016-05-13 15:45:00,42.86666666666667,
2016-05-13 16:00:00,33.6,
2016-05-13 16:15:00,31.533333333333335,
2016-05-13 16:30:00,29.0,
2016-05-13 16:45:00,29.8,
2016-05-13 17:00:00,29.0,
2016-05-13 17:15:00,29.0,
2016-05-13 17:30:00,42.86666666666667,
2016-05-13 17:45:00,33.733333333333334,
2016-05-13 18:00:00,65.06666666666666,
2016-05-13 18:15:00,94.93333333333334,
2016-05-13 18:30:00,36.666666666666664,
2016-05-13 18:45:00,68.93333333333334,
2016-05-13 19:00:00,27.066666666666666,
2016-05-13 19:15:00,28.666666666666668,
2016-05-13 19:30:00,25.933333333333334,
2016-05-13 19:45:00,28.2,
2016-05-13 20:00:00,31.533333333333335,
2016-05-13 20:15:00,101.86666666666666,
2016-05-13 20:30:00,197.53333333333333,
2016-05-13 20:45:00,35.46666666666667,
2016-05-13 21:00:00,36.8,
2016-05-13 21:15:00,37.86666666666667,
2016-05-13 21:30:00,35.2,
2016-05-13 21:45:00,44.46666666666667,
2016-05-13 22:00:00,42.4,
2016-05-13 22:15:00,39.2,
2016-05-13 22:30:00,45.86666666666667,
2016-05-13 22:45:00,42.733333333333334,
2016-05-13 23:00:00,44.333333333333336,
2016-05-13 23:15:00,41.46666666666667,
2016-05-13 23:30:00,48.46666666666667,
2016-05-13 23:45:00,45.0,
2016-05-14 00:00:00,48.93333333333333,
2016-05-14 00:15:00,47.06666666666667,
2016-05-14 00:30:00,49.6,
2016-05-14 00:45:00,52.666666666666664,
2016-05-14 01:00:00,58.4,
2016-05-14 01:15:00,56.8,
2016-05-14 01:30:00,52.4,
2016-05-14 01:45:00,69.73333333333333,
2016-05-14 02:00:00,77.33333333333333,
2016-05-14 02:15:00,78.26666666666667,35.666666666666664
2016-05-14 02:30:00,65.4,35.333333333333336
2016-05-14 02:45:00,81.26666666666667,35.666666666666664
2016-05-14 03:00:00,181.73333333333332,37.0
2016-05-14 03:15:00,99.73333333333333,36.6
2016-05-14 03:30:00,90.8,39.8
2016-05-14 03:45:00,89.46666666666667,53.666666666666664
2016-05-14 04:00:00,96.53333333333333,69.46666666666667
2016-05-14 04:15:00,93.0,69.6
2016-05-14 04:30:00,92.6,71.4
2016-05-14 04:45:00,80.4,80.06666666666666
2016-05-14 05:00:00,86.93333333333334,86.2
2016-05-14 05:15:00,71.06666666666666,86.73333333333333
2016-05-14 05:30:00,98.4,86.4
2016-05-14 05:45:00,116.66666666666667,88.53333333333333
2016-05-14 06:00:00,81.53333333333333,98.73333333333333
2016-05-14 06:15:00,58.13333333333333,79.8
2016-05-14 06:30:00,46.13333333333333,56.86666666666667
2016-05-14 06:45:00,44.733333333333334,43.666666666666664
2016-05-14 07:00:00,44.13333333333333,40.6
2016-05-14 07:15:00,42.0,42.86666666666667
2016-05-14 07:30:00,39.93333333333333,47.8
2016-05-14 07:45:00,39.2,46.86666666666667
2016-05-14 08:00:00,40.53333333333333,46.93333333333333
2016-05-14 08:15:00,37.6,44.0
2016-05-14 08:30:00,37.4,58.733333333333334
2016-05-14 08:45:00,37.13333333333333,57.2
2016-05-14 09:00:00,38.2,56.13333333333333
2016-05-14 09:15:00,45.93333333333333,56.0
2016-05-14 09:30:00,43.13333333333333,59.53333333333333
2016-05-14 09:45:00,45.6,125.6
2016-05-14 10:00:00,38.93333333333333,64.8
2016-05-14 10:15:00,36.86666666666667,52.733333333333334
2016-05-14 10:30:00,35.93333333333333,47.6
2016-05-14 10:45:00,33.53333333333333,49.266666666666666
2016-05-14 11:00:00,30.0,44.13333333333333
2016-05-14 11:15:00,28.2,41.46666666666667
2016-05-14 11:30:00,26.533333333333335,38.733333333333334
2016-05-14 11:45:00,24.866666666666667,34.266666666666666
2016-05-14 12:00:00,24.0,28.333333333333332
2016-05-14 12:15:00,23.6,25.066666666666666
2016-05-14 12:30:00,21.466666666666665,31.466666666666665
2016-05-14 12:45:00,20.666666666666668,33.06666666666667
2016-05-14 13:00:00,21.333333333333332,81.46666666666667
2016-05-14 13:15:00,21.866666666666667,43.0
2016-05-14 13:30:00,32.6,42.6
2016-05-14 13:45:00,63.13333333333333,31.333333333333332
2016-05-14 14:00:00,42.06666666666667,25.866666666666667
2016-05-14 14:15:00,46.333333333333336,25.066666666666666
2016-05-14 14:30:00,40.0,23.0
2016-05-14 14:45:00,30.133333333333333,25.333333333333332
2016-05-14 15:00:00,25.533333333333335,22.066666666666666
2016-05-14 15:15:00,21.266666666666666,19.2
2016-05-14 15:30:00,20.666666666666668,21.866666666666667
2016-05-14 15:45:00,20.6,20.8
2016-05-14 16:00:00,23.0,20.6
2016-05-14 16:15:00,21.066666666666666,19.8
2016-05-14 16:30:00,20.066666666666666,19.533333333333335
2016-05-14 16:45:00,20.466666666666665,18.266666666666666
2016-05-14 17:00:00,18.666666666666668,18.133333333333333
2016-05-14 17:15:00,19.666666666666668,20.733333333333334
2016-05-14 17:30:00,18.6,22.933333333333334
2016-05-14 17:45:00,18.466666666666665,19.266666666666666
2016-05-14 18:00:00,19.333333333333332,26.266666666666666
2016-05-14 18:15:00,18.266666666666666,20.866666666666667
2016-05-14 18:30:00,20.8,20.866666666666667
2016-05-14 18:45:00,17.933333333333334,20.733333333333334
2016-05-14 19:00:00,14.4,21.733333333333334
2016-05-14 19:15:00,15.4,23.6
2016-05-14 19:30:00,15.6,26.4
2016-05-14 19:45:00,18.2,24.866666666666667
2016-05-14 20:00:00,19.533333333333335,19.6
2016-05-14 20:15:00,18.0,21.466666666666665
2016-05-14 20:30:00,16.4,18.733333333333334
2016-05-14 20:45:00,14.866666666666667,17.266666666666666
2016-05-14 21:00:00,14.066666666666666,18.666666666666668
2016-05-14 21:15:00,15.733333333333333,15.866666666666667
2016-05-14 21:30:00,17.066666666666666,17.2
2016-05-14 21:45:00,17.733333333333334,19.4
2016-05-14 22:00:00,20.733333333333334,19.2
2016-05-14 22:15:00,20.466666666666665,19.866666666666667
2016-05-14 22:30:00,21.0,22.266666666666666
2016-05-14 22:45:00,20.333333333333332,21.133333333333333
2016-05-14 23:00:00,17.866666666666667,19.333333333333332
2016-05-14 23:15:00,18.666666666666668,19.266666666666666
2016-05-14 23:30:00,18.866666666666667,19.266666666666666
2016-05-14 23:45:00,18.133333333333333,17.866666666666667
2016-05-15 00:00:00,18.2,20.733333333333334
2016-05-15 00:15:00,16.8,16.866666666666667
2016-05-15 00:30:00,16.733333333333334,14.333333333333334
2016-05-15 00:45:00,16.266666666666666,14.466666666666667
2016-05-15 01:00:00,16.266666666666666,13.2
2016-05-15 01:15:00,16.8,14.133333333333333
2016-05-15 01:30:00,16.266666666666666,14.733333333333333
2016-05-15 01:45:00,17.0,14.733333333333333
2016-05-15 02:00:00,17.4,15.4
2016-05-15 02:15:00,17.0,15.4
2016-05-15 02:30:00,17.333333333333332,14.6
2016-05-15 02:45:00,18.733333333333334,15.0
2016-05-15 03:00:00,19.6,15.466666666666667
2016-05-15 03:15:00,19.333333333333332,15.733333333333333
2016-05-15 03:30:00,17.4,15.4
2016-05-15 03:45:00,18.466666666666665,16.0
2016-05-15 04:00:00,17.133333333333333,15.733333333333333
2016-05-15 04:15:00,17.8,14.6
2016-05-15 04:30:00,16.2,13.6
2016-05-15 04:45:00,16.266666666666666,13.666666666666666
2016-05-15 05:00:00,15.733333333333333,13.133333333333333
2016-05-15 05:15:00,13.866666666666667,13.266666666666667
2016-05-15 05:30:00,14.0,12.333333333333334
2016-05-15 05:45:00,12.8,13.333333333333334
2016-05-15 06:00:00,12.733333333333333,13.266666666666667
2016-05-15 06:15:00,12.866666666666667,14.6
2016-05-15 06:30:00,13.733333333333333,14.066666666666666
2016-05-15 06:45:00,13.8,14.2
2016-05-15 07:00:00,13.266666666666667,13.333333333333334
2016-05-15 07:15:00,13.666666666666666,12.133333333333333
2016-05-15 07:30:00,11.533333333333333,12.6
2016-05-15 07:45:00,14.133333333333333,11.133333333333333
2016-05-15 08:00:00,14.2,11.933333333333334
2016-05-15 08:15:00,14.0,11.466666666666667
2016-05-15 08:30:00,12.8,13.266666666666667
2016-05-15 08:45:00,17.866666666666667,11.6
2016-05-15 09:00:00,16.8,11.8
2016-05-15 09:15:00,11.066666666666666,12.133333333333333
2016-05-15 09:30:00,11.866666666666667,12.066666666666666
2016-05-15 09:45:00,12.533333333333333,13.4
2016-05-15 10:00:00,14.133333333333333,12.066666666666666
2016-05-15 10:15:00,25.0,10.666666666666666
2016-05-15 10:30:00,15.333333333333334,11.066666666666666
2016-05-15 10:45:00,27.666666666666668,12.666666666666666
2016-05-15 11:00:00,20.6,11.2
2016-05-15 11:15:00,20.133333333333333,15.866666666666667
2016-05-15 11:30:00,20.533333333333335,20.6
2016-05-15 11:45:00,19.8,18.6
2016-05-15 12:00:00,21.533333333333335,20.266666666666666
2016-05-15 12:15:00,24.8,16.133333333333333
2016-05-15 12:30:00,21.733333333333334,18.4
2016-05-15 12:45:00,19.533333333333335,19.666666666666668
2016-05-15 13:00:00,21.933333333333334,19.2
2016-05-15 13:15:00,19.533333333333335,19.6
2016-05-15 13:30:00,22.2,20.2
2016-05-15 13:45:00,21.933333333333334,25.533333333333335
2016-05-15 14:00:00,20.933333333333334,26.76923076923077
2016-05-15 14:15:00,21.533333333333335,21.0
2016-05-15 14:30:00,21.066666666666666,17.533333333333335
2016-05-15 14:45:00,23.2,17.733333333333334
2016-05-15 15:00:00,26.066666666666666,18.133333333333333
2016-05-15 15:15:00,23.266666666666666,21.533333333333335
2016-05-15 15:30:00,21.066666666666666,18.133333333333333
2016-05-15 15:45:00,21.333333333333332,19.6
2016-05-15 16:00:00,24.066666666666666,18.466666666666665
2016-05-15 16:15:00,21.6,18.0
2016-05-15 16:30:00,21.533333333333335,19.4
2016-05-15 16:45:00,19.2,17.8
2016-05-15 17:00:00,20.266666666666666,16.466666666666665
2016-05-15 17:15:00,19.333333333333332,18.133333333333333
2016-05-15 17:30:00,21.6,19.0
2016-05-15 17:45:00,21.066666666666666,19.333333333333332
2016-05-15 18:00:00,23.333333333333332,18.0
2016-05-15 18:15:00,22.266666666666666,19.133333333333333
2016-05-15 18:30:00,20.733333333333334,20.733333333333334
2016-05-15 18:45:00,18.6,19.466666666666665
2016-05-15 19:00:00,19.933333333333334,20.066666666666666
2016-05-15 19:15:00,21.533333333333335,19.0
2016-05-15 19:30:00,19.466666666666665,20.6
2016-05-15 19:45:00,20.133333333333333,22.8
2016-05-15 20:00:00,21.866666666666667,21.866666666666667
2016-05-15 20:15:00,20.866666666666667,21.133333333333333
2016-05-15 20:30:00,22.933333333333334,22.733333333333334
2016-05-15 20:45:00,21.333333333333332,23.333333333333332
2016-05-15 21:00:00,21.4,25.0
2016-05-15 21:15:00,19.666666666666668,22.4
2016-05-15 21:30:00,19.866666666666667,22.866666666666667
2016-05-15 21:45:00,19.733333333333334,24.933333333333334
2016-05-15 22:00:00,19.333333333333332,23.333333333333332
2016-05-15 22:15:00,19.533333333333335,23.933333333333334
2016-05-15 22:30:00,22.4,24.866666666666667
2016-05-15 22:45:00,22.266666666666666,23.466666666666665
2016-05-15 23:00:00,23.8,26.733333333333334
2016-05-15 23:15:00,21.266666666666666,27.333333333333332
2016-05-15 23:30:00,21.133333333333333,27.133333333333333
2016-05-15 23:45:00,21.0,26.6
2016-05-16 00:00:00,21.8,27.466666666666665
2016-05-16 00:15:00,22.933333333333334,28.0
2016-05-16 00:30:00,23.533333333333335,29.6
2016-05-16 00:45:00,23.266666666666666,28.733333333333334
2016-05-16 01:00:00,24.6,28.333333333333332
2016-05-16 01:15:00,25.733333333333334,28.066666666666666
2016-05-16 01:30:00,25.2,27.666666666666668
2016-05-16 01:45:00,30.0,27.533333333333335
2016-05-16 02:00:00,30.733333333333334,27.266666666666666
2016-05-16 02:15:00,30.933333333333334,26.933333333333334
2016-05-16 02:30:00,32.13333333333333,26.866666666666667
2016-05-16 02:45:00,31.2,30.8
2016-05-16 03:00:00,29.666666666666668,29.466666666666665
2016-05-16 03:15:00,28.2,32.266666666666666
2016-05-16 03:30:00,27.733333333333334,31.2
2016-05-16 03:45:00,30.066666666666666,33.266666666666666
2016-05-16 04:00:00,29.733333333333334,31.933333333333334
2016-05-16 04:15:00,33.333333333333336,33.53333333333333
2016-05-16 04:30:00,32.0,38.733333333333334
2016-05-16 04:45:00,33.53333333333333,37.0
2016-05-16 05:00:00,34.53333333333333,35.86666666666667
2016-05-16 05:15:00,33.6,34.46666666666667
2016-05-16 05:30:00,31.133333333333333,36.8
2016-05-16 05:45:00,33.733333333333334,39.733333333333334
2016-05-16 06:00:00,34.733333333333334,39.53333333333333
2016-05-16 06:15:00,40.06666666666667,43.13333333333333
2016-05-16 06:30:00,41.333333333333336,40.2
2016-05-16 06:45:00,48.333333333333336,41.333333333333336
2016-05-16 07:00:00,55.6,41.666666666666664
2016-05-16 07:15:00,58.266666666666666,48.6
2016-05-16 07:30:00,43.46666666666667,44.2
2016-05-16 07:45:00,43.13333333333333,43.733333333333334
2016-05-16 08:00:00,35.2,94.86666666666666
2016-05-16 08:15:00,30.8,1437.8
2016-05-16 08:30:00,33.8,583.6
2016-05-16 08:45:00,29.4,311.53333333333336
2016-05-16 09:00:00,25.933333333333334,181.4
2016-05-16 09:15:00,22.933333333333334,688.6
2016-05-16 09:30:00,20.666666666666668,167.26666666666668
2016-05-16 09:45:00,22.133333333333333,304.6
2016-05-16 10:00:00,20.333333333333332,252.06666666666666
2016-05-16 10:15:00,19.866666666666667,108.4
2016-05-16 10:30:00,19.0,98.6
2016-05-16 10:45:00,19.4,53.6
2016-05-16 11:00:00,19.133333333333333,54.86666666666667
2016-05-16 11:15:00,21.066666666666666,41.86666666666667
2016-05-16 11:30:00,20.2,423.8666666666667
2016-05-16 11:45:00,20.333333333333332,159.26666666666668
2016-05-16 12:00:00,19.733333333333334,57.6
2016-05-16 12:15:00,24.4,73.66666666666667
2016-05-16 12:30:00,20.466666666666665,63.93333333333333
2016-05-16 12:45:00,19.066666666666666,34.86666666666667
2016-05-16 13:00:00,19.933333333333334,230.6
2016-05-16 13:15:00,19.066666666666666,34.733333333333334
2016-05-16 13:30:00,17.6,30.333333333333332
2016-05-16 13:45:00,16.533333333333335,28.666666666666668
2016-05-16 14:00:00,19.533333333333335,28.4
2016-05-16 14:15:00,17.4,26.2
2016-05-16 14:30:00,17.466666666666665,41.8
2016-05-16 14:45:00,17.4,30.733333333333334
2016-05-16 15:00:00,19.266666666666666,27.8
2016-05-16 15:15:00,18.666666666666668,30.6
2016-05-16 15:30:00,19.733333333333334,24.2
2016-05-16 15:45:00,17.4,26.2
2016-05-16 16:00:00,17.066666666666666,27.6
2016-05-16 16:15:00,16.0,24.533333333333335
2016-05-16 16:30:00,21.266666666666666,26.0
2016-05-16 16:45:00,23.6,25.866666666666667
2016-05-16 17:00:00,19.6,28.266666666666666
2016-05-16 17:15:00,18.933333333333334,25.2
2016-05-16 17:30:00,19.0,25.533333333333335
2016-05-16 17:45:00,33.4,23.466666666666665
2016-05-16 18:00:00,19.133333333333333,23.733333333333334
2016-05-16 18:15:00,18.2,23.933333333333334
2016-05-16 18:30:00,19.666666666666668,27.333333333333332
2016-05-16 18:45:00,50.4,24.933333333333334
2016-05-16 19:00:00,19.866666666666667,25.933333333333334
2016-05-16 19:15:00,22.4,25.666666666666668
2016-05-16 19:30:00,21.666666666666668,26.533333333333335
2016-05-16 19:45:00,21.0,27.333333333333332
2016-05-16 20:00:00,31.133333333333333,25.866666666666667
2016-05-16 20:15:00,74.73333333333333,26.6
2016-05-16 20:30:00,237.46666666666667,27.066666666666666
2016-05-16 20:45:00,52.2,27.666666666666668
2016-05-16 21:00:00,32.46666666666667,28.133333333333333
2016-05-16 21:15:00,26.666666666666668,28.133333333333333
2016-05-16 21:30:00,77.46666666666667,27.933333333333334
2016-05-16 21:45:00,105.66666666666667,31.733333333333334
2016-05-16 22:00:00,69.8,33.46666666666667
2016-05-16 22:15:00,38.2,38.13333333333333
2016-05-16 22:30:00,38.6,36.733333333333334
2016-05-16 22:45:00,49.53333333333333,37.86666666666667
2016-05-16 23:00:00,29.266666666666666,40.13333333333333
2016-05-16 23:15:00,28.666666666666668,38.0
2016-05-16 23:30:00,35.666666666666664,38.86666666666667
2016-05-16 23:45:00,48.46666666666667,36.8
2016-05-17 00:00:00,63.733333333333334,37.46666666666667
2016-05-17 00:15:00,101.53333333333333,37.666666666666664
2016-05-17 00:30:00,121.13333333333334,37.666666666666664
2016-05-17 00:45:00,44.93333333333333,32.266666666666666
2016-05-17 01:00:00,51.46666666666667,32.8
2016-05-17 01:15:00,69.8,30.866666666666667
2016-05-17 01:30:00,71.4,30.733333333333334
2016-05-17 01:45:00,43.8,30.266666666666666
2016-05-17 02:00:00,43.8,31.333333333333332
2016-05-17 02:15:00,58.266666666666666,33.666666666666664
2016-05-17 02:30:00,50.6,31.866666666666667
2016-05-17 02:45:00,50.0,33.2
2016-05-17 03:00:00,49.53333333333333,32.333333333333336
2016-05-17 03:15:00,53.333333333333336,35.0
2016-05-17 03:30:00,47.266666666666666,35.06666666666667
2016-05-17 03:45:00,52.0,57.733333333333334
2016-05-17 04:00:00,51.666666666666664,57.13333333333333
2016-05-17 04:15:00,53.8,83.86666666666666
2016-05-17 04:30:00,50.0,143.46666666666667
2016-05-17 04:45:00,68.0,171.73333333333332
2016-05-17 05:00:00,57.06666666666667,178.73333333333332
2016-05-17 05:15:00,49.6,163.13333333333333
2016-05-17 05:30:00,58.2,140.66666666666666
2016-05-17 05:45:00,62.46666666666667,137.4
2016-05-17 06:00:00,54.333333333333336,157.13333333333333
2016-05-17 06:15:00,56.0,147.0
2016-05-17 06:30:00,77.53333333333333,138.6
2016-05-17 06:45:00,76.86666666666666,134.33333333333334
2016-05-17 07:00:00,65.86666666666666,127.86666666666666
2016-05-17 07:15:00,60.13333333333333,131.93333333333334
2016-05-17 07:30:00,61.53333333333333,146.66666666666666
2016-05-17 07:45:00,53.266666666666666,139.8
2016-05-17 08:00:00,48.46666666666667,141.46666666666667
2016-05-17 08:15:00,56.0,166.4
2016-05-17 08:30:00,37.8,160.33333333333334
2016-05-17 08:45:00,43.733333333333334,136.33333333333334
2016-05-17 09:00:00,41.93333333333333,122.0
2016-05-17 09:15:00,38.4,103.46666666666667
2016-05-17 09:30:00,37.333333333333336,71.8
2016-05-17 09:45:00,34.86666666666667,56.733333333333334
2016-05-17 10:00:00,35.333333333333336,88.6
2016-05-17 10:15:00,38.06666666666667,80.93333333333334
2016-05-17 10:30:00,35.666666666666664,44.8
2016-05-17 10:45:00,36.06666666666667,57.333333333333336
2016-05-17 11:00:00,35.86666666666667,43.333333333333336
2016-05-17 11:15:00,39.06666666666667,42.46666666666667
2016-05-17 11:30:00,41.93333333333333,53.86666666666667
2016-05-17 11:45:00,35.266666666666666,42.86666666666667
2016-05-17 12:00:00,35.266666666666666,34.8
2016-05-17 12:15:00,34.46666666666667,40.53333333333333
2016-05-17 12:30:00,33.4,42.6
2016-05-17 12:45:00,30.4,40.53333333333333
2016-05-17 13:00:00,32.46666666666667,41.266666666666666
2016-05-17 13:15:00,34.53333333333333,37.666666666666664
2016-05-17 13:30:00,31.466666666666665,41.6
2016-05-17 13:45:00,31.133333333333333,54.0
2016-05-17 14:00:00,31.0,41.2
2016-05-17 14:15:00,32.0,37.666666666666664
2016-05-17 14:30:00,726.2666666666667,46.86666666666667
2016-05-17 14:45:00,60.733333333333334,44.6
2016-05-17 15:00:00,33.0,51.4
2016-05-17 15:15:00,31.666666666666668,41.2
2016-05-17 15:30:00,34.93333333333333,45.333333333333336
2016-05-17 15:45:00,32.4,39.46666666666667
2016-05-17 16:00:00,37.4,44.13333333333333
2016-05-17 16:15:00,33.86666666666667,44.06666666666667
2016-05-17 16:30:00,34.8,46.13333333333333
2016-05-17 16:45:00,30.866666666666667,44.333333333333336
2016-05-17 17:00:00,33.6,47.2
2016-05-17 17:15:00,32.93333333333333,42.2
2016-05-17 17:30:00,35.13333333333333,47.6
2016-05-17 17:45:00,40.86666666666667,41.6
2016-05-17 18:00:00,35.4,43.333333333333336
2016-05-17 18:15:00,33.8,45.46666666666667
2016-05-17 18:30:00,32.6,46.46666666666667
2016-05-17 18:45:00,33.733333333333334,46.6
2016-05-17 19:00:00,35.8,46.266666666666666
2016-05-17 19:15:00,34.666666666666664,48.733333333333334
2016-05-17 19:30:00,39.666666666666664,49.4
2016-05-17 19:45:00,42.333333333333336,53.13333333333333
2016-05-17 20:00:00,36.666666666666664,51.266666666666666
2016-05-17 20:15:00,38.2,52.86666666666667
2016-05-17 20:30:00,40.86666666666667,53.6
2016-05-17 20:45:00,40.13333333333333,52.13333333333333
2016-05-17 21:00:00,45.6,53.53333333333333
2016-05-17 21:15:00,34.93333333333333,49.6
2016-05-17 21:30:00,42.266666666666666,48.0
2016-05-17 21:45:00,38.333333333333336,50.6
2016-05-17 22:00:00,50.53333333333333,47.53333333333333
2016-05-17 22:15:00,41.733333333333334,53.06666666666667
2016-05-17 22:30:00,52.333333333333336,53.333333333333336
2016-05-17 22:45:00,44.0,53.666666666666664
2016-05-17 23:00:00,38.06666666666667,48.93333333333333
2016-05-17 23:15:00,38.666666666666664,48.53333333333333
2016-05-17 23:30:00,39.8,48.333333333333336
2016-05-17 23:45:00,39.333333333333336,50.93333333333333
2016-05-18 00:00:00,42.0,49.733333333333334
2016-05-18 00:15:00,46.6,49.8
2016-05-18 00:30:00,54.93333333333333,52.53333333333333
2016-05-18 00:45:00,55.733333333333334,48.4
2016-05-18 01:00:00,51.53333333333333,51.2
2016-05-18 01:15:00,54.6,53.333333333333336
2016-05-18 01:30:00,55.4,58.6
2016-05-18 01:45:00,55.666666666666664,58.2
2016-05-18 02:00:00,55.666666666666664,57.86666666666667
2016-05-18 02:15:00,57.0,63.46666666666667
2016-05-18 02:30:00,60.666666666666664,61.333333333333336
2016-05-18 02:45:00,60.13333333333333,64.0
2016-05-18 03:00:00,62.4,69.26666666666667
2016-05-18 03:15:00,60.2,68.06666666666666
2016-05-18 03:30:00,55.13333333333333,77.8
2016-05-18 03:45:00,51.13333333333333,73.8
2016-05-18 04:00:00,49.266666666666666,68.6
2016-05-18 04:15:00,49.93333333333333,75.93333333333334
2016-05-18 04:30:00,50.0,83.46666666666667
2016-05-18 04:45:00,51.733333333333334,84.2
2016-05-18 05:00:00,53.2,79.46666666666667
2016-05-18 05:15:00,49.2,79.46666666666667
2016-05-18 05:30:00,53.266666666666666,82.06666666666666
2016-05-18 05:45:00,57.06666666666667,86.66666666666667
2016-05-18 06:00:00,54.333333333333336,82.66666666666667
2016-05-18 06:15:00,58.93333333333333,79.73333333333333
2016-05-18 06:30:00,55.333333333333336,81.0
2016-05-18 06:45:00,54.333333333333336,82.46666666666667
2016-05-18 07:00:00,56.666666666666664,78.53333333333333
2016-05-18 07:15:00,53.666666666666664,82.6
2016-05-18 07:30:00,56.2,87.0
2016-05-18 07:45:00,57.0,87.33333333333333
2016-05-18 08:00:00,53.13333333333333,81.73333333333333
2016-05-18 08:15:00,48.666666666666664,78.6
2016-05-18 08:30:00,47.06666666666667,83.06666666666666
2016-05-18 08:45:00,44.93333333333333,84.4
2016-05-18 09:00:00,45.666666666666664,85.6
2016-05-18 09:15:00,43.6,82.06666666666666
2016-05-18 09:30:00,43.86666666666667,73.4
2016-05-18 09:45:00,39.4,57.46666666666667
2016-05-18 10:00:00,39.86666666666667,57.666666666666664
2016-05-18 10:15:00,39.53333333333333,51.2
2016-05-18 10:30:00,40.06666666666667,47.86666666666667
2016-05-18 10:45:00,38.6,77.6
2016-05-18 11:00:00,34.46666666666667,63.86666666666667
2016-05-18 11:15:00,31.4,126.2
2016-05-18 11:30:00,30.666666666666668,49.8
2016-05-18 11:45:00,27.333333333333332,35.0
2016-05-18 12:00:00,24.133333333333333,32.53333333333333
2016-05-18 12:15:00,23.466666666666665,30.266666666666666
2016-05-18 12:30:00,22.333333333333332,27.533333333333335
2016-05-18 12:45:00,23.266666666666666,28.666666666666668
2016-05-18 13:00:00,20.666666666666668,26.933333333333334
2016-05-18 13:15:00,21.466666666666665,24.866666666666667
2016-05-18 13:30:00,22.2,26.866666666666667
2016-05-18 13:45:00,24.0,23.6
2016-05-18 14:00:00,26.066666666666666,25.666666666666668
2016-05-18 14:15:00,21.866666666666667,25.6
2016-05-18 14:30:00,31.6,23.4
2016-05-18 14:45:00,29.666666666666668,22.066666666666666
2016-05-18 15:00:00,26.466666666666665,21.8
2016-05-18 15:15:00,29.8,22.0
2016-05-18 15:30:00,26.666666666666668,22.466666666666665
2016-05-18 15:45:00,26.266666666666666,21.133333333333333
2016-05-18 16:00:00,28.666666666666668,22.466666666666665
2016-05-18 16:15:00,26.933333333333334,22.733333333333334
2016-05-18 16:30:00,28.6,26.133333333333333
2016-05-18 16:45:00,24.933333333333334,24.8
2016-05-18 17:00:00,27.266666666666666,25.6
2016-05-18 17:15:00,28.933333333333334,22.266666666666666
2016-05-18 17:30:00,32.733333333333334,24.266666666666666
2016-05-18 17:45:00,33.733333333333334,24.866666666666667
2016-05-18 18:00:00,32.93333333333333,34.46666666666667
2016-05-18 18:15:00,36.266666666666666,33.93333333333333
2016-05-18 18:30:00,31.0,32.93333333333333
2016-05-18 18:45:00,31.0,34.333333333333336
2016-05-18 19:00:00,30.0,37.86666666666667
2016-05-18 19:15:00,32.6,38.86666666666667
2016-05-18 19:30:00,31.933333333333334,37.13333333333333
2016-05-18 19:45:00,32.6,37.266666666666666
2016-05-18 20:00:00,35.8,36.666666666666664
2016-05-18 20:15:00,35.333333333333336,37.0
2016-05-18 20:30:00,43.333333333333336,36.8
2016-05-18 20:45:00,54.46666666666667,34.06666666666667
2016-05-18 21:00:00,88.13333333333334,38.53333333333333
2016-05-18 21:15:00,155.2,37.46666666666667
2016-05-18 21:30:00,146.6,38.93333333333333
2016-05-18 21:45:00,130.33333333333334,38.0
2016-05-18 22:00:00,69.53333333333333,41.93333333333333
2016-05-18 22:15:00,57.6,43.4
2016-05-18 22:30:00,54.266666666666666,43.266666666666666
2016-05-18 22:45:00,52.266666666666666,43.46666666666667
2016-05-18 23:00:00,54.4,48.333333333333336
2016-05-18 23:15:00,47.86666666666667,45.733333333333334
2016-05-18 23:30:00,43.0,43.666666666666664
2016-05-18 23:45:00,45.8,41.46666666666667
2016-05-19 00:00:00,49.13333333333333,44.266666666666666
2016-05-19 00:15:00,73.4,48.2
2016-05-19 00:30:00,80.66666666666667,43.93333333333333
2016-05-19 00:45:00,286.6,48.2
2016-05-19 01:00:00,333.8,47.6
2016-05-19 01:15:00,381.8666666666667,51.93333333333333
2016-05-19 01:30:00,174.6,56.733333333333334
2016-05-19 01:45:00,159.4,51.93333333333333
2016-05-19 02:00:00,267.1333333333333,56.266666666666666
2016-05-19 02:15:00,371.3333333333333,56.8
2016-05-19 02:30:00,658.8666666666667,56.6
2016-05-19 02:45:00,564.4,54.86666666666667
2016-05-19 03:00:00,572.8666666666667,54.4
2016-05-19 03:15:00,482.6,53.666666666666664
2016-05-19 03:30:00,522.5333333333333,56.93333333333333
2016-05-19 03:45:00,488.0,56.6
2016-05-19 04:00:00,326.8666666666667,56.53333333333333
2016-05-19 04:15:00,569.5333333333333,56.666666666666664
2016-05-19 04:30:00,590.2666666666667,57.06666666666667
2016-05-19 04:45:00,590.0,103.66666666666667
2016-05-19 05:00:00,856.4666666666667,677.3333333333334
2016-05-19 05:15:00,862.9333333333333,372.1333333333333
2016-05-19 05:30:00,1075.6,203.2
2016-05-19 05:45:00,1249.3333333333333,246.86666666666667
2016-05-19 06:00:00,1059.2,309.06666666666666
2016-05-19 06:15:00,1147.8,135.33333333333334
2016-05-19 06:30:00,731.0,40.53333333333333
2016-05-19 06:45:00,588.4,41.0
2016-05-19 07:00:00,454.2,173.06666666666666
2016-05-19 07:15:00,588.7333333333333,47.266666666666666
2016-05-19 07:30:00,796.1333333333333,58.6
2016-05-19 07:45:00,481.93333333333334,54.2
2016-05-19 08:00:00,905.5333333333333,48.8
2016-05-19 08:15:00,859.6,51.266666666666666
2016-05-19 08:30:00,600.8666666666667,50.93333333333333
2016-05-19 08:45:00,525.0666666666667,51.0
2016-05-19 09:00:00,61.0,47.266666666666666
2016-05-19 09:15:00,21.2,55.733333333333334
2016-05-19 09:30:00,27.8,61.8
2016-05-19 09:45:00,34.266666666666666,61.13333333333333
2016-05-19 10:00:00,29.8,53.8
2016-05-19 10:15:00,28.2,56.733333333333334
2016-05-19 10:30:00,27.866666666666667,59.4
2016-05-19 10:45:00,28.733333333333334,56.13333333333333
2016-05-19 11:00:00,29.6,56.0
2016-05-19 11:15:00,29.0,54.666666666666664
2016-05-19 11:30:00,29.4,50.86666666666667
2016-05-19 11:45:00,32.86666666666667,42.666666666666664
2016-05-19 12:00:00,32.733333333333334,43.53333333333333
2016-05-19 12:15:00,34.53333333333333,40.06666666666667
2016-05-19 12:30:00,33.93333333333333,32.46666666666667
2016-05-19 12:45:00,32.666666666666664,34.666666666666664
2016-05-19 13:00:00,30.666666666666668,61.13333333333333
2016-05-19 13:15:00,29.866666666666667,68.13333333333334
2016-05-19 13:30:00,28.6,32.93333333333333
2016-05-19 13:45:00,29.866666666666667,31.666666666666668
2016-05-19 14:00:00,25.933333333333334,25.4
2016-05-19 14:15:00,30.133333333333333,24.266666666666666
2016-05-19 14:30:00,30.466666666666665,23.266666666666666
2016-05-19 14:45:00,33.266666666666666,25.666666666666668
2016-05-19 15:00:00,33.13333333333333,32.4
2016-05-19 15:15:00,40.53333333333333,20.333333333333332
2016-05-19 15:30:00,32.733333333333334,29.266666666666666
2016-05-19 15:45:00,30.533333333333335,22.4
2016-05-19 16:00:00,27.866666666666667,20.266666666666666
2016-05-19 16:15:00,30.0,23.0
2016-05-19 16:30:00,28.8,31.866666666666667
2016-05-19 16:45:00,26.533333333333335,25.066666666666666
2016-05-19 17:00:00,25.466666666666665,21.466666666666665
2016-05-19 17:15:00,26.0,16.0
2016-05-19 17:30:00,26.2,17.2
2016-05-19 17:45:00,30.533333333333335,21.333333333333332
2016-05-19 18:00:00,26.533333333333335,20.333333333333332
2016-05-19 18:15:00,26.8,16.733333333333334
2016-05-19 18:30:00,23.133333333333333,14.733333333333333
2016-05-19 18:45:00,26.466666666666665,17.266666666666666
2016-05-19 19:00:00,24.6,16.466666666666665
2016-05-19 19:15:00,22.933333333333334,19.466666666666665
2016-05-19 19:30:00,30.066666666666666,29.133333333333333
2016-05-19 19:45:00,55.733333333333334,27.8
2016-05-19 20:00:00,55.8,36.333333333333336
2016-05-19 20:15:00,65.73333333333333,20.4
2016-05-19 20:30:00,73.86666666666666,22.266666666666666
2016-05-19 20:45:00,122.2,23.533333333333335
2016-05-19 21:00:00,104.73333333333333,27.466666666666665
2016-05-19 21:15:00,91.66666666666667,45.733333333333334
2016-05-19 21:30:00,67.66666666666667,22.4
2016-05-19 21:45:00,64.0,22.866666666666667
2016-05-19 22:00:00,66.66666666666667,22.666666666666668
2016-05-19 22:15:00,46.86666666666667,23.2
2016-05-19 22:30:00,61.8,23.0
2016-05-19 22:45:00,50.93333333333333,23.0
2016-05-19 23:00:00,69.66666666666667,26.8
2016-05-19 23:15:00,47.53333333333333,26.133333333333333
2016-05-19 23:30:00,50.2,41.4
2016-05-19 23:45:00,49.0,45.666666666666664
2016-05-20 00:00:00,44.2,44.4
2016-05-20 00:15:00,49.733333333333334,39.6
2016-05-20 00:30:00,58.93333333333333,58.46666666666667
2016-05-20 00:45:00,71.0,48.2
2016-05-20 01:00:00,68.73333333333333,51.733333333333334
2016-05-20 01:15:00,74.8,50.733333333333334
2016-05-20 01:30:00,68.33333333333333,51.6
2016-05-20 01:45:00,70.33333333333333,54.86666666666667
2016-05-20 02:00:00,79.26666666666667,65.33333333333333
2016-05-20 02:15:00,74.66666666666667,72.2
2016-05-20 02:30:00,69.26666666666667,75.06666666666666
2016-05-20 02:45:00,70.6,81.2
2016-05-20 03:00:00,62.666666666666664,85.86666666666666
2016-05-20 03:15:00,60.0,82.0
2016-05-20 03:30:00,64.4,85.46666666666667
2016-05-20 03:45:00,61.4,87.46666666666667
2016-05-20 04:00:00,69.2,85.73333333333333
2016-05-20 04:15:00,88.2,85.53333333333333
2016-05-20 04:30:00,70.0,80.66666666666667
2016-05-20 04:45:00,65.93333333333334,66.93333333333334
2016-05-20 05:00:00,58.666666666666664,64.26666666666667
2016-05-20 05:15:00,56.6,66.93333333333334
2016-05-20 05:30:00,60.2,69.6
2016-05-20 05:45:00,59.4,71.13333333333334
2016-05-20 06:00:00,66.8,73.2
2016-05-20 06:15:00,70.66666666666667,80.2
2016-05-20 06:30:00,65.0,86.33333333333333
2016-05-20 06:45:00,66.46666666666667,88.86666666666666
2016-05-20 07:00:00,71.4,88.2
2016-05-20 07:15:00,76.2,81.53333333333333
2016-05-20 07:30:00,81.13333333333334,78.53333333333333
2016-05-20 07:45:00,77.13333333333334,79.8
2016-05-20 08:00:00,68.6,71.93333333333334
2016-05-20 08:15:00,59.666666666666664,73.0
2016-05-20 08:30:00,57.8,73.6
2016-05-20 08:45:00,57.4,72.2
2016-05-20 09:00:00,59.13333333333333,102.4
2016-05-20 09:15:00,50.13333333333333,63.06666666666667
2016-05-20 09:30:00,37.46666666666667,45.86666666666667
2016-05-20 09:45:00,34.13333333333333,43.53333333333333
2016-05-20 10:00:00,40.13333333333333,46.13333333333333
2016-05-20 10:15:00,30.666666666666668,42.8
2016-05-20 10:30:00,30.666666666666668,39.2
2016-05-20 10:45:00,31.066666666666666,39.2
2016-05-20 11:00:00,30.8,40.333333333333336
2016-05-20 11:15:00,30.666666666666668,41.333333333333336
2016-05-20 11:30:00,29.4,42.06666666666667
2016-05-20 11:45:00,26.333333333333332,38.53333333333333
2016-05-20 12:00:00,24.8,31.333333333333332
2016-05-20 12:15:00,22.133333333333333,25.6
2016-05-20 12:30:00,22.466666666666665,28.0
2016-05-20 12:45:00,23.866666666666667,26.666666666666668
2016-05-20 13:00:00,25.533333333333335,28.6
2016-05-20 13:15:00,24.133333333333333,28.6
2016-05-20 13:30:00,28.733333333333334,24.866666666666667
2016-05-20 13:45:00,24.266666666666666,25.2
2016-05-20 14:00:00,22.933333333333334,24.933333333333334
2016-05-20 14:15:00,25.733333333333334,24.533333333333335
2016-05-20 14:30:00,23.533333333333335,24.933333333333334
2016-05-20 14:45:00,23.8,24.933333333333334
2016-05-20 15:00:00,24.866666666666667,24.8
2016-05-20 15:15:00,26.266666666666666,25.533333333333335
2016-05-20 15:30:00,25.333333333333332,25.533333333333335
2016-05-20 15:45:00,32.6,25.333333333333332
2016-05-20 16:00:00,27.8,27.6
2016-05-20 16:15:00,26.533333333333335,28.666666666666668
2016-05-20 16:30:00,28.6,29.266666666666666
2016-05-20 16:45:00,30.0,36.06666666666667
2016-05-20 17:00:00,28.133333333333333,39.2
2016-05-20 17:15:00,30.0,37.0
2016-05-20 17:30:00,28.0,29.2
2016-05-20 17:45:00,27.666666666666668,26.733333333333334
2016-05-20 18:00:00,27.866666666666667,29.8
2016-05-20 18:15:00,28.733333333333334,28.866666666666667
2016-05-20 18:30:00,29.8,31.066666666666666
2016-05-20 18:45:00,32.2,31.066666666666666
2016-05-20 19:00:00,36.733333333333334,30.466666666666665
2016-05-20 19:15:00,41.8,29.333333333333332
2016-05-20 19:30:00,32.0,29.133333333333333
2016-05-20 19:45:00,35.13333333333333,32.4
2016-05-20 20:00:00,29.0,32.53333333333333
2016-05-20 20:15:00,46.666666666666664,32.266666666666666
2016-05-20 20:30:00,44.06666666666667,36.2
2016-05-20 20:45:00,40.733333333333334,35.0
2016-05-20 21:00:00,29.666666666666668,32.266666666666666
2016-05-20 21:15:00,30.666666666666668,33.93333333333333
2016-05-20 21:30:00,31.933333333333334,32.86666666666667
2016-05-20 21:45:00,32.0,32.8
2016-05-20 22:00:00,43.333333333333336,34.4
2016-05-20 22:15:00,40.06666666666667,33.86666666666667
2016-05-20 22:30:00,34.86666666666667,32.8
2016-05-20 22:45:00,31.733333333333334,31.8
2016-05-20 23:00:00,30.666666666666668,33.2
2016-05-20 23:15:00,33.733333333333334,31.266666666666666
2016-05-20 23:30:00,34.46666666666667,31.0
2016-05-20 23:45:00,35.86666666666667,32.06666666666667
2016-05-21 00:00:00,43.333333333333336,33.06666666666667
2016-05-21 00:15:00,49.266666666666666,34.13333333333333
2016-05-21 00:30:00,53.666666666666664,37.333333333333336
2016-05-21 00:45:00,51.333333333333336,40.0
2016-05-21 01:00:00,63.2,48.93333333333333
2016-05-21 01:15:00,68.53333333333333,50.06666666666667
2016-05-21 01:30:00,61.93333333333333,47.86666666666667
2016-05-21 01:45:00,64.26666666666667,53.4
2016-05-21 02:00:00,57.333333333333336,72.26666666666667
2016-05-21 02:15:00,43.8,74.13333333333334
2016-05-21 02:30:00,42.6,90.53333333333333
2016-05-21 02:45:00,42.666666666666664,91.13333333333334
2016-05-21 03:00:00,37.6,94.33333333333333
2016-05-21 03:15:00,37.13333333333333,92.8
2016-05-21 03:30:00,40.6,78.13333333333334
2016-05-21 03:45:00,35.733333333333334,68.26666666666667
2016-05-21 04:00:00,31.733333333333334,69.73333333333333
2016-05-21 04:15:00,28.0,59.8
2016-05-21 04:30:00,23.533333333333335,57.53333333333333
2016-05-21 04:45:00,22.666666666666668,56.666666666666664
2016-05-21 05:00:00,21.866666666666667,51.2
2016-05-21 05:15:00,23.0,53.2
2016-05-21 05:30:00,19.333333333333332,51.13333333333333
2016-05-21 05:45:00,20.933333333333334,44.666666666666664
2016-05-21 06:00:00,21.266666666666666,43.666666666666664
2016-05-21 06:15:00,23.4,41.06666666666667
2016-05-21 06:30:00,18.666666666666668,44.06666666666667
2016-05-21 06:45:00,18.466666666666665,38.733333333333334
2016-05-21 07:00:00,17.933333333333334,32.2
2016-05-21 07:15:00,18.733333333333334,32.266666666666666
2016-05-21 07:30:00,15.733333333333333,34.06666666666667
2016-05-21 07:45:00,17.266666666666666,28.4
2016-05-21 08:00:00,14.4,25.2
2016-05-21 08:15:00,17.066666666666666,25.333333333333332
2016-05-21 08:30:00,17.4,22.266666666666666
2016-05-21 08:45:00,15.866666666666667,25.6
2016-05-21 09:00:00,16.866666666666667,27.133333333333333
2016-05-21 09:15:00,15.333333333333334,25.533333333333335
2016-05-21 09:30:00,18.266666666666666,26.2
2016-05-21 09:45:00,20.933333333333334,26.4
2016-05-21 10:00:00,20.266666666666666,22.8
2016-05-21 10:15:00,21.066666666666666,21.533333333333335
2016-05-21 10:30:00,22.8,20.2
2016-05-21 10:45:00,25.866666666666667,21.0
2016-05-21 11:00:00,21.733333333333334,25.066666666666666
2016-05-21 11:15:00,16.866666666666667,27.133333333333333
2016-05-21 11:30:00,17.4,31.133333333333333
2016-05-21 11:45:00,15.133333333333333,29.466666666666665
2016-05-21 12:00:00,14.466666666666667,25.466666666666665
2016-05-21 12:15:00,14.933333333333334,22.0
2016-05-21 12:30:00,18.266666666666666,21.066666666666666
2016-05-21 12:45:00,20.333333333333332,20.266666666666666
2016-05-21 13:00:00,16.466666666666665,21.2
2016-05-21 13:15:00,17.266666666666666,22.066666666666666
2016-05-21 13:30:00,20.533333333333335,26.6
2016-05-21 13:45:00,25.266666666666666,38.93333333333333
2016-05-21 14:00:00,28.466666666666665,45.4
2016-05-21 14:15:00,26.133333333333333,38.6
2016-05-21 14:30:00,22.066666666666666,42.333333333333336
2016-05-21 14:45:00,18.466666666666665,44.86666666666667
2016-05-21 15:00:00,21.066666666666666,51.13333333333333
2016-05-21 15:15:00,26.4,40.53333333333333
2016-05-21 15:30:00,25.2,31.666666666666668
2016-05-21 15:45:00,21.066666666666666,34.53333333333333
2016-05-21 16:00:00,19.866666666666667,33.2
2016-05-21 16:15:00,22.133333333333333,32.13333333333333
2016-05-21 16:30:00,18.2,28.266666666666666
2016-05-21 16:45:00,19.133333333333333,31.666666666666668
2016-05-21 17:00:00,21.733333333333334,31.666666666666668
2016-05-21 17:15:00,26.8,30.8
2016-05-21 17:30:00,29.133333333333333,32.86666666666667
2016-05-21 17:45:00,25.066666666666666,26.333333333333332
2016-05-21 18:00:00,26.6,27.666666666666668
2016-05-21 18:15:00,26.666666666666668,27.733333333333334
2016-05-21 18:30:00,33.4,28.866666666666667
2016-05-21 18:45:00,31.333333333333332,33.266666666666666
2016-05-21 19:00:00,27.666666666666668,30.066666666666666
2016-05-21 19:15:00,26.533333333333335,28.6
2016-05-21 19:30:00,27.733333333333334,31.066666666666666
2016-05-21 19:45:00,30.466666666666665,28.733333333333334
2016-05-21 20:00:00,27.6,25.933333333333334
2016-05-21 20:15:00,28.4,24.8
2016-05-21 20:30:00,32.13333333333333,20.8
2016-05-21 20:45:00,31.4,20.0
2016-05-21 21:00:00,29.866666666666667,20.266666666666666
2016-05-21 21:15:00,25.2,22.533333333333335
2016-05-21 21:30:00,22.466666666666665,23.266666666666666
2016-05-21 21:45:00,20.8,23.666666666666668
2016-05-21 22:00:00,23.866666666666667,25.4
2016-05-21 22:15:00,24.133333333333333,23.333333333333332
2016-05-21 22:30:00,20.733333333333334,22.266666666666666
2016-05-21 22:45:00,21.533333333333335,23.133333333333333
2016-05-21 23:00:00,22.266666666666666,26.066666666666666
2016-05-21 23:15:00,22.2,24.2
2016-05-21 23:30:00,23.466666666666665,24.533333333333335
2016-05-21 23:45:00,24.8,23.0
2016-05-22 00:00:00,26.2,23.866666666666667
2016-05-22 00:15:00,23.866666666666667,24.8
2016-05-22 00:30:00,21.666666666666668,26.2
2016-05-22 00:45:00,25.0,27.2
2016-05-22 01:00:00,24.466666666666665,29.6
2016-05-22 01:15:00,23.266666666666666,30.0
2016-05-22 01:30:00,21.066666666666666,31.266666666666666
2016-05-22 01:45:00,21.733333333333334,31.4
2016-05-22 02:00:00,21.533333333333335,35.06666666666667
2016-05-22 02:15:00,24.2,35.333333333333336
2016-05-22 02:30:00,26.466666666666665,36.46666666666667
2016-05-22 02:45:00,24.933333333333334,36.06666666666667
2016-05-22 03:00:00,23.6,36.8
2016-05-22 03:15:00,25.133333333333333,37.93333333333333
2016-05-22 03:30:00,27.533333333333335,40.266666666666666
2016-05-22 03:45:00,30.2,36.93333333333333
2016-05-22 04:00:00,28.533333333333335,34.53333333333333
2016-05-22 04:15:00,18.466666666666665,38.6
2016-05-22 04:30:00,18.266666666666666,38.266666666666666
2016-05-22 04:45:00,20.466666666666665,39.2
2016-05-22 05:00:00,21.133333333333333,39.8
2016-05-22 05:15:00,22.2,40.6
2016-05-22 05:30:00,23.2,41.4
2016-05-22 05:45:00,27.333333333333332,42.46666666666667
2016-05-22 06:00:00,26.733333333333334,42.0
2016-05-22 06:15:00,25.266666666666666,45.53333333333333
2016-05-22 06:30:00,23.533333333333335,44.06666666666667
2016-05-22 06:45:00,24.0,41.2
2016-05-22 07:00:00,26.6,40.266666666666666
2016-05-22 07:15:00,27.066666666666666,39.4
2016-05-22 07:30:00,26.0,38.6
2016-05-22 07:45:00,23.666666666666668,35.333333333333336
2016-05-22 08:00:00,21.533333333333335,31.466666666666665
2016-05-22 08:15:00,18.333333333333332,30.866666666666667
2016-05-22 08:30:00,18.466666666666665,30.066666666666666
2016-05-22 08:45:00,18.733333333333334,33.6
2016-05-22 09:00:00,22.666666666666668,33.46666666666667
2016-05-22 09:15:00,22.733333333333334,29.733333333333334
2016-05-22 09:30:00,28.133333333333333,27.733333333333334
2016-05-22 09:45:00,32.6,27.4
2016-05-22 10:00:00,20.6,24.2
2016-05-22 10:15:00,17.066666666666666,23.066666666666666
2016-05-22 10:30:00,16.066666666666666,24.0
2016-05-22 10:45:00,16.4,24.533333333333335
2016-05-22 11:00:00,16.133333333333333,23.733333333333334
2016-05-22 11:15:00,16.933333333333334,23.266666666666666
2016-05-22 11:30:00,15.133333333333333,18.266666666666666
2016-05-22 11:45:00,22.466666666666665,18.266666666666666
2016-05-22 12:00:00,16.266666666666666,19.933333333333334
2016-05-22 12:15:00,17.733333333333334,18.4
2016-05-22 12:30:00,15.933333333333334,16.066666666666666
2016-05-22 12:45:00,15.4,15.8
2016-05-22 13:00:00,17.066666666666666,16.866666666666667
2016-05-22 13:15:00,17.066666666666666,16.066666666666666
2016-05-22 13:30:00,17.533333333333335,15.866666666666667
2016-05-22 13:45:00,17.066666666666666,17.8
2016-05-22 14:00:00,17.6,18.533333333333335
2016-05-22 14:15:00,19.533333333333335,18.8
2016-05-22 14:30:00,21.4,22.4
2016-05-22 14:45:00,20.666666666666668,28.866666666666667
2016-05-22 15:00:00,19.0,23.4
2016-05-22 15:15:00,,24.733333333333334
2016-05-22 15:30:00,,23.666666666666668
2016-05-22 15:45:00,,23.266666666666666
2016-05-22 16:00:00,,24.0
2016-05-22 16:15:00,,101.53333333333333
2016-05-22 16:30:00,,35.4
2016-05-22 16:45:00,,24.6
2016-05-22 17:00:00,,35.266666666666666
2016-05-22 17:15:00,,46.4
2016-05-22 17:30:00,,35.86666666666667
2016-05-22 17:45:00,,33.8
2016-05-22 18:00:00,175.33333333333334,31.733333333333334
2016-05-22 18:15:00,,29.666666666666668
2016-05-22 18:30:00,,78.8
2016-05-22 18:45:00,,29.2
2016-05-22 19:00:00,,27.466666666666665
2016-05-22 19:15:00,,31.6
2016-05-22 19:30:00,,38.06666666666667
2016-05-22 19:45:00,,42.6
2016-05-22 20:00:00,,52.6
2016-05-22 20:15:00,,56.13333333333333
2016-05-22 20:30:00,,50.2
2016-05-22 20:45:00,,47.86666666666667
2016-05-22 21:00:00,,51.0
2016-05-22 21:15:00,,56.266666666666666
2016-05-22 21:30:00,,79.5
