Date/Time,2336_O_MTLE,2525_O_CLVL,8033_O_CPLS,4074_O_WMIF,5304_O_WLKG,1266_O_
2025-11-13 19:45:00,,162.1538462,,,,
2025-11-13 20:00:00,,157.6666667,,,,
2025-11-13 20:15:00,,174.6666667,,,,
2025-11-13 20:30:00,,1194,,,,
2025-11-13 20:45:00,,1310.533333,,,,
2025-11-13 21:00:00,,1113.733333,,,,
2025-11-13 21:15:00,,916,,,,
2025-11-13 21:30:00,,798.2666667,,,,
2025-11-13 21:45:00,,715.5333333,,,,
2025-11-13 22:00:00,,630.9333333,,,,
2025-11-13 22:15:00,,550.6,,,,
2025-11-13 22:30:00,,492.0666667,,,,
2025-11-13 22:45:00,,444.5333333,,,,
2025-11-13 23:00:00,,393.4666667,,,,
2025-11-13 23:15:00,,370.5333333,,,,
2025-11-13 23:30:00,,348.3333333,,,,
2025-11-13 23:45:00,,322.2,,,,
2025-11-14 0:00:00,,298.2,,,,
2025-11-14 0:15:00,,290.9333333,,,,
2025-11-14 0:30:00,,279.5333333,,,,
2025-11-14 0:45:00,,259,,,,
2025-11-14 1:00:00,,255.9333333,,,,
2025-11-14 1:15:00,,246.1333333,,,,
2025-11-14 1:30:00,,208,,,,
2025-11-14 1:45:00,,217.9333333,,,,
2025-11-14 2:00:00,,195.8666667,,,,
2025-11-14 2:15:00,,212.8,,,,
2025-11-14 2:30:00,,209.6,,,,
2025-11-14 2:45:00,,220.8666667,,,,
2025-11-14 3:00:00,,230.8666667,,,,
2025-11-14 3:15:00,,240.7333333,,,,
2025-11-14 3:30:00,,244.6666667,,,,
2025-11-14 3:45:00,,243.7333333,,,,
2025-11-14 4:00:00,,246.4666667,,,,
2025-11-14 4:15:00,,241,,,,
2025-11-14 4:30:00,,254.0666667,,,,
2025-11-14 4:45:00,,248.5333333,,,,
2025-11-14 5:00:00,,255.7333333,,,,
2025-11-14 5:15:00,,259.7333333,,,,
2025-11-14 5:30:00,,267.8666667,,,,
2025-11-14 5:45:00,,282.3333333,,,,
2025-11-14 6:00:00,,320.9333333,,,,
2025-11-14 6:15:00,,352.2,,,,
2025-11-14 6:30:00,,354.3333333,,,,
2025-11-14 6:45:00,,372.7333333,,,,
2025-11-14 7:00:00,,390.0666667,,,,
2025-11-14 7:15:00,,397.8666667,,,,
2025-11-14 7:30:00,,402.2666667,,,,
2025-11-14 7:45:00,,393.4,,,,
2025-11-14 8:00:00,,336.2,,,,
2025-11-14 8:15:00,,318,,,,
2025-11-14 8:30:00,,302.2666667,,,,
2025-11-14 8:45:00,,302.3333333,,,,
2025-11-14 9:00:00,,308.1333333,,,,
2025-11-14 9:15:00,,290.1333333,,,,
2025-11-14 9:30:00,,288.8,,,,
2025-11-14 9:45:00,,307,,,,
2025-11-14 10:00:00,,318.5333333,,,,
2025-11-14 10:15:00,,395.0666667,,,,
2025-11-14 10:30:00,,458.5333333,,,,
2025-11-14 10:45:00,,496.5333333,,,,
2025-11-14 11:00:00,,650.4666667,,,,
2025-11-14 11:15:00,,1535.733333,,,,
2025-11-14 11:30:00,,1774.066667,,,,
2025-11-14 11:45:00,,1739.066667,,,,
2025-11-14 12:00:00,,1567.6,,,,
2025-11-14 12:15:00,,1109.066667,,,,
2025-11-14 12:30:00,,1059.066667,,,,
2025-11-14 12:45:00,,964.0666667,,,,
2025-11-14 13:00:00,,789.8666667,,,,
2025-11-14 13:15:00,,640.3333333,,,,
2025-11-14 13:30:00,,609.0666667,,,,
2025-11-14 13:45:00,,548.2,,,,
2025-11-14 14:00:00,,410.0666667,,,,
2025-11-14 14:15:00,,398.2666667,,,,
2025-11-14 14:30:00,,372.8666667,,,,
2025-11-14 14:45:00,,355.6,,,,
2025-11-14 15:00:00,,329.0666667,,,,
2025-11-14 15:15:00,,255.3333333,,2599.75,,
2025-11-14 15:30:00,,257.8666667,,3250.066667,,
2025-11-14 15:45:00,,256.8,,3515.933333,,
2025-11-14 16:00:00,,248.7333333,,1084.4,,
2025-11-14 16:15:00,,246.1333333,,1005.933333,,
2025-11-14 16:30:00,,238.4666667,,1078.266667,,
2025-11-14 16:45:00,,232.4,,1284.733333,,
2025-11-14 17:00:00,,228.8666667,,1587.866667,,
2025-11-14 17:15:00,,225,,1542.533333,,
2025-11-14 17:30:00,,236.3333333,,1587,,
2025-11-14 17:45:00,,236.6666667,,1379.666667,,
2025-11-14 18:00:00,,292.8,,1246.133333,,
2025-11-14 18:15:00,,711.8666667,,1279.266667,,
2025-11-14 18:30:00,,789.8,,1479.733333,,
2025-11-14 18:45:00,,799.7333333,,1475.266667,,
2025-11-14 19:00:00,,756.0666667,,1574.666667,,
2025-11-14 19:15:00,,685.7333333,,1587.6,,
2025-11-14 19:30:00,,621.0666667,,1689.466667,,
2025-11-14 19:45:00,,561.8,,1906,,
2025-11-14 20:00:00,,520.5333333,,1761.733333,,
2025-11-14 20:15:00,,480.8,,2418.866667,,
2025-11-14 20:30:00,,435.5333333,,1983.666667,,
2025-11-14 20:45:00,,401.5333333,,1664,,
2025-11-14 21:00:00,,372.2666667,,2085.533333,,
2025-11-14 21:15:00,,347.6,,2231.266667,,
2025-11-14 21:30:00,,332.2,,2501.066667,,
2025-11-14 21:45:00,,262.3333333,,1868.666667,,
2025-11-14 22:00:00,,243.8,,1785,,
2025-11-14 22:15:00,,246.1333333,,1656.466667,,
2025-11-14 22:30:00,,236.9333333,,1562.333333,,
2025-11-14 22:45:00,,244.0666667,,1699.066667,,
2025-11-14 23:00:00,,316.6,,1659.8,,
2025-11-14 23:15:00,,374.8,,2038.866667,,
2025-11-14 23:30:00,,345.9333333,,1815,,
2025-11-14 23:45:00,,347.2,,1736.466667,,
2025-11-15 0:00:00,,378.3333333,,1735.666667,,
2025-11-15 0:15:00,,440.2666667,,1692.733333,,
2025-11-15 0:30:00,,476.6666667,,1747.8,,
2025-11-15 0:45:00,,479.3333333,,1753.8,,
2025-11-15 1:00:00,,476,,1809.4,,
2025-11-15 1:15:00,,465.9333333,,2018.866667,,
2025-11-15 1:30:00,,402.5333333,,1821.066667,,
2025-11-15 1:45:00,,417.3333333,,1869.866667,,
2025-11-15 2:00:00,,418.8666667,,1916,,
2025-11-15 2:15:00,,446.3333333,,1917.933333,,
2025-11-15 2:30:00,,438.2666667,,1948.2,,
2025-11-15 2:45:00,,439.8,,2004.666667,,
2025-11-15 3:00:00,,428.6666667,,2139,,
2025-11-15 3:15:00,,427.8,,2236.133333,,
2025-11-15 3:30:00,,468.8,,1890.066667,,
2025-11-15 3:45:00,,445.1333333,,1597.8,,
2025-11-15 4:00:00,,453.0666667,,1761.333333,,
2025-11-15 4:15:00,,438.0666667,,1927.133333,,
2025-11-15 4:30:00,,433.8,,1908.866667,,
2025-11-15 4:45:00,,442.3333333,,1908.733333,,
2025-11-15 5:00:00,,403.4,,2022.8,,
2025-11-15 5:15:00,,421.3333333,,2112.333333,,
2025-11-15 5:30:00,,403.8,,2359.333333,,
2025-11-15 5:45:00,,400.0666667,,6007.266667,,
2025-11-15 6:00:00,,358.9333333,,6144.333333,,
2025-11-15 6:15:00,,326.9333333,,6189.8,,
2025-11-15 6:30:00,,313.7333333,,8156.066667,,
2025-11-15 6:45:00,,296.6666667,,7054.6,,
2025-11-15 7:00:00,,275.6,,6105.733333,,
2025-11-15 7:15:00,,281.7333333,,4746.6,,
2025-11-15 7:30:00,,270.6666667,,3804.933333,,
2025-11-15 7:45:00,,280.6,,5638.266667,,
2025-11-15 8:00:00,,259.4,,2989,,
2025-11-15 8:15:00,,270.4,,2492,,
2025-11-15 8:30:00,,287.8,,2427,,
2025-11-15 8:45:00,,296.2,,2545.533333,,
2025-11-15 9:00:00,,282.4,,4151.8,,
2025-11-15 9:15:00,,1120,,6504.266667,,
2025-11-15 9:30:00,,3550.866667,,6382.066667,,
2025-11-15 9:45:00,,1737,,4889.533333,,
2025-11-15 10:00:00,,875.2,,2610.933333,,
2025-11-15 10:15:00,,770.6666667,,2901.666667,,
2025-11-15 10:30:00,,679.8,,2332.933333,,
2025-11-15 10:45:00,,634.4666667,,2109,,
2025-11-15 11:00:00,,594.1333333,,2057.6,,
2025-11-15 11:15:00,,545.9333333,,2032.733333,,
2025-11-15 11:30:00,,435,,2038.4,,
2025-11-15 11:45:00,,429.6,,1972.8,,
2025-11-15 12:00:00,,440.8666667,,1869.6,,
2025-11-15 12:15:00,,442.2,,1806,,
2025-11-15 12:30:00,,391.5333333,,1791.266667,,
2025-11-15 12:45:00,,429.3333333,,1738.333333,,
2025-11-15 13:00:00,,868.0666667,,1707.133333,,
2025-11-15 13:15:00,,826.3333333,,1719.333333,,
2025-11-15 13:30:00,,792.9333333,,1699.133333,,
2025-11-15 13:45:00,,1368.066667,,1648.2,,
2025-11-15 14:00:00,,3245.8,,1666.8,,
2025-11-15 14:15:00,,5158,,1598.6,,
2025-11-15 14:30:00,,4532.4,,1598.533333,,
2025-11-15 14:45:00,,2325.733333,,1598.266667,,
2025-11-15 15:00:00,,745.7333333,,1576.6,,
2025-11-15 15:15:00,,732.4,,3591.933333,,
2025-11-15 15:30:00,,741.9333333,,3550.066667,,
2025-11-15 15:45:00,,725.4666667,,3598,,
2025-11-15 16:00:00,,727.8666667,,1807.8,,
2025-11-15 16:15:00,,717.8666667,,1491.266667,,
2025-11-15 16:30:00,,807.3333333,,1466.8,,
2025-11-15 16:45:00,,781.2,,1486.133333,,
2025-11-15 17:00:00,,787.5333333,,1490,,
2025-11-15 17:15:00,,856,,1553.866667,,
2025-11-15 17:30:00,,882.7333333,,1611.866667,,
2025-11-15 17:45:00,,840.1333333,,1531.066667,,
2025-11-15 18:00:00,,846.2,,1550.666667,4843.4,
2025-11-15 18:15:00,,770.9333333,,1583.2,4557.6,
2025-11-15 18:30:00,,727.2,,1522.933333,4632.6,
2025-11-15 18:45:00,,698.6,,1413.933333,4669.533333,
2025-11-15 19:00:00,,670.4,,1356.666667,4521.666667,
2025-11-15 19:15:00,,700.8,,1345.466667,,
2025-11-15 19:30:00,,721,,1359.333333,,
2025-11-15 19:45:00,,,,1352.733333,6054,
2025-11-15 20:00:00,,,,1366.066667,,
2025-11-15 20:15:00,,,,1407.666667,,
2025-11-15 20:30:00,,,,1377.866667,,
2025-11-15 20:45:00,,,,1373.6,,
2025-11-15 21:00:00,,,,1409,6290.5,
2025-11-15 21:15:00,,,,1426.6,6217.066667,
2025-11-15 21:30:00,,,,1485.066667,6503.533333,
2025-11-15 21:45:00,,,,1528.133333,6644.266667,
2025-11-15 22:00:00,,,,1626.666667,6791.466667,
2025-11-15 22:15:00,,,,1673.733333,6899.533333,
2025-11-15 22:30:00,,,,1764.4,6870.6,
2025-11-15 22:45:00,,,,1695.6,7116.666667,
2025-11-15 23:00:00,,,,1630.8,,
2025-11-15 23:15:00,,,,1631.266667,,
2025-11-15 23:30:00,,,,1596.933333,,
2025-11-15 23:45:00,,,,1522.933333,,
2025-11-16 0:00:00,,,,1503.533333,,
2025-11-16 0:15:00,,,,1484.133333,,
2025-11-16 0:30:00,,,,1473.6,,
2025-11-16 0:45:00,,,,1499.466667,,
2025-11-16 1:00:00,,,,1523.533333,,
2025-11-16 1:15:00,,,,1510.8,,
2025-11-16 1:30:00,,,,1479.6,,
2025-11-16 1:45:00,,,,1431.666667,,
2025-11-16 2:00:00,,,,1411.533333,,
2025-11-16 2:15:00,,,,1270.2,,
2025-11-16 2:30:00,,,,1143.333333,,
2025-11-16 2:45:00,,,,1114.066667,,
2025-11-16 3:00:00,,,,1152.6,,
2025-11-16 3:15:00,,,,1124.4,,
2025-11-16 3:30:00,,,,1081.866667,,
2025-11-16 3:45:00,,,,998.0666667,,
2025-11-16 4:00:00,,,,976.5333333,,
2025-11-16 4:15:00,,,,966.5333333,,
2025-11-16 4:30:00,,,,955.0666667,,
2025-11-16 4:45:00,,,,943.0666667,,
2025-11-16 5:00:00,,,,956.9333333,,
2025-11-16 5:15:00,,,,949.4,,
2025-11-16 5:30:00,,,,517.2666667,,
2025-11-16 5:45:00,,,,440.4,,
2025-11-16 6:00:00,,,,443.8,,
2025-11-16 6:15:00,,,,449.3333333,,
2025-11-16 6:30:00,,,,406.6666667,,
2025-11-16 6:45:00,,,,361.4666667,,
2025-11-16 7:00:00,,,,335.7333333,,
2025-11-16 7:15:00,,,,338.0666667,,
2025-11-16 7:30:00,,,,335.4,,
2025-11-16 7:45:00,,,,344.5333333,,
2025-11-16 8:00:00,,,,351.2666667,,
2025-11-16 8:15:00,,,,375.7333333,,
2025-11-16 8:30:00,,,,413.5333333,,
2025-11-16 8:45:00,,,,406.0666667,,
2025-11-16 9:00:00,,,,409.7333333,,
2025-11-16 9:15:00,,,,433.4,,
2025-11-16 9:30:00,,,,429.7333333,,
2025-11-16 9:45:00,,,,424.3333333,,
2025-11-16 10:00:00,,,,405.6,,
2025-11-16 10:15:00,,,,349.4,,
2025-11-16 10:30:00,,,,406.3333333,,
2025-11-16 10:45:00,,,,805.7333333,,
2025-11-16 11:00:00,,356.875,,833.0666667,,
2025-11-16 11:15:00,,361.0666667,,819.3333333,,
2025-11-16 11:30:00,,319.5333333,,787,,
2025-11-16 11:45:00,,303.7333333,,763.1333333,,
2025-11-16 12:00:00,,641.4,,754.3333333,,
2025-11-16 12:15:00,,327.6,,728.2,,
2025-11-16 12:30:00,,283.4285714,,719.8666667,,
2025-11-16 12:45:00,,,,721.3333333,,
2025-11-16 13:00:00,,,,709.6666667,,
2025-11-16 13:15:00,,,,697.7333333,,
2025-11-16 13:30:00,,,,686,,
2025-11-16 13:45:00,,,,681.3333333,,
2025-11-16 14:00:00,,,,675.6,,
2025-11-16 14:15:00,,,,2700.533333,,
2025-11-16 14:30:00,,,,2983.733333,,
2025-11-16 14:45:00,,,,2835.866667,,
2025-11-16 15:00:00,,,,663.2666667,,
2025-11-16 15:15:00,,,,702.6,,
2025-11-16 15:30:00,,,,724.8666667,,
2025-11-16 15:45:00,,,,727.0666667,,
2025-11-16 16:00:00,,,,749.9333333,,
2025-11-16 16:15:00,,,,766.4666667,,
2025-11-16 16:30:00,,,,796.4666667,,
2025-11-16 16:45:00,,,,787.4,,
2025-11-16 17:00:00,,,,767,,
2025-11-16 17:15:00,,,,768.7333333,,
2025-11-16 17:30:00,,,,792.6,,
2025-11-16 17:45:00,,,,797.0666667,,
2025-11-16 18:00:00,,,,795.1333333,,
2025-11-16 18:15:00,,,,801.8,,
2025-11-16 18:30:00,,,,815.8,,
2025-11-16 18:45:00,,,,827.1333333,,
2025-11-16 19:00:00,,,,826.8,,
2025-11-16 19:15:00,,,,827.4,,
2025-11-16 19:30:00,,,,822.7333333,,
2025-11-16 19:45:00,,,,841.4,,
2025-11-16 20:00:00,,,,827.2666667,,
2025-11-16 20:15:00,,,,837.0666667,,
2025-11-16 20:30:00,,,,849.8,,
2025-11-16 20:45:00,,,,838.6666667,,
2025-11-16 21:00:00,,,,831.1333333,,
2025-11-16 21:15:00,,,,828.6,,
2025-11-16 21:30:00,,,,876.4666667,,
2025-11-16 21:45:00,,,,841.0666667,,
2025-11-16 22:00:00,,,,820.6666667,,
2025-11-16 22:15:00,,,,815.9333333,,
2025-11-16 22:30:00,,,,723.1333333,,
2025-11-16 22:45:00,,,,341,,
2025-11-16 23:00:00,,,,338.5333333,,
2025-11-16 23:15:00,,,,354.3333333,,
2025-11-16 23:30:00,,,,367.8666667,,
2025-11-16 23:45:00,,,,388.8,,
2025-11-17 0:00:00,,,,446.8666667,,
2025-11-17 0:15:00,,,,469.5333333,,
2025-11-17 0:30:00,,,,476.5333333,,
2025-11-17 0:45:00,,,,478.9333333,,
2025-11-17 1:00:00,,,,483.6666667,,
2025-11-17 1:15:00,,,,489.2666667,,
2025-11-17 1:30:00,,,,485.8666667,,
2025-11-17 1:45:00,,,,484.6,,
2025-11-17 2:00:00,,,,512.3333333,,
2025-11-17 2:15:00,,,,502.8666667,,
2025-11-17 2:30:00,,,,503.4,,
2025-11-17 2:45:00,,,,496.6,,
2025-11-17 3:00:00,,,,,,
2025-11-17 3:15:00,,,,,,
2025-11-17 3:30:00,,,,,,
2025-11-17 3:45:00,,,,,,
2025-11-17 4:00:00,,,,,,
2025-11-17 4:15:00,,,,,,
2025-11-17 4:30:00,,,,,,
2025-11-17 4:45:00,,,,,,
2025-11-17 5:00:00,,,,,,
2025-11-17 5:15:00,,,,,,
2025-11-17 5:30:00,,,,,,
2025-11-17 5:45:00,,,,,,
2025-11-17 6:00:00,,,,,,
2025-11-17 6:15:00,,,,,,
2025-11-17 6:30:00,,,,,,
2025-11-17 6:45:00,,,,,,
2025-11-17 7:00:00,,,,,,
2025-11-17 7:15:00,,,,,,
2025-11-17 7:30:00,,,,,,
2025-11-17 7:45:00,,,,,,
2025-11-17 8:00:00,,,,,,
2025-11-17 8:15:00,,,,,,
2025-11-17 8:30:00,,,,,,
2025-11-17 8:45:00,,,,,,
2025-11-17 9:00:00,,,,,,
2025-11-17 9:15:00,,,,,,
2025-11-17 9:30:00,,,,,,
2025-11-17 9:45:00,,,,,,
2025-11-17 10:00:00,,,,,,
2025-11-17 10:15:00,,,,,,
2025-11-17 10:30:00,,,,394.1666667,,
2025-11-17 10:45:00,,,,311.9333333,,
2025-11-17 11:00:00,,,,312.5333333,,
2025-11-17 11:15:00,,,,291.5333333,,
2025-11-17 11:30:00,,,,264.0666667,,
2025-11-17 11:45:00,,,,277.5333333,,
2025-11-17 12:00:00,,,,310.9333333,,
2025-11-17 12:15:00,,,,284.2666667,,
2025-11-17 12:30:00,,,,235.7333333,,
2025-11-17 12:45:00,,,,246.6,,
2025-11-17 13:00:00,,,,275.6,,
2025-11-17 13:15:00,,,,284.8666667,,
2025-11-17 13:30:00,,,,271.2,,
2025-11-17 13:45:00,,,,265.7333333,,
2025-11-17 14:00:00,,,,248.2666667,,
2025-11-17 14:15:00,,,,255.4666667,,
2025-11-17 14:30:00,,,,281.4,,
2025-11-17 14:45:00,,,,285.1333333,,
2025-11-17 15:00:00,,,,305.4,,
2025-11-17 15:15:00,,,,336.6666667,,
2025-11-17 15:30:00,,,,339.6,,
2025-11-17 15:45:00,,,,331.6666667,,
2025-11-17 16:00:00,,,,304.4666667,,
2025-11-17 16:15:00,,,,314.2666667,,
2025-11-17 16:30:00,,,,323.1333333,,
2025-11-17 16:45:00,,,,329.4,,
2025-11-17 17:00:00,,,,338.7333333,,
2025-11-17 17:15:00,,,,360.3333333,,
2025-11-17 17:30:00,,,,463.8666667,,
2025-11-17 17:45:00,,,,487.9333333,,
2025-11-17 18:00:00,,,,577.1333333,,
2025-11-17 18:15:00,,,,949.6,,
2025-11-17 18:30:00,,,,1724.4,,
2025-11-17 18:45:00,,,,811.8,,
2025-11-17 19:00:00,,,,746.1333333,,
2025-11-17 19:15:00,,,,788.6,,
2025-11-17 19:30:00,,,,1121.266667,,
2025-11-17 19:45:00,,,,707.5333333,,
2025-11-17 20:00:00,,,,660.8,,
2025-11-17 20:15:00,,,,650.2,,
2025-11-17 20:30:00,,,,717.9333333,,
2025-11-17 20:45:00,,,,971.4,,
2025-11-17 21:00:00,,,,1226.466667,,
2025-11-17 21:15:00,,,,960.9333333,,
2025-11-17 21:30:00,,,,958.4,,
2025-11-17 21:45:00,,,,904.2,,
2025-11-17 22:00:00,,,,885.6,,
2025-11-17 22:15:00,,,,755.2,,
2025-11-17 22:30:00,,,,795.2,,
2025-11-17 22:45:00,,,,1283.4,,
2025-11-17 23:00:00,,,,3300.266667,,
2025-11-17 23:15:00,,,,4425.933333,,
2025-11-17 23:30:00,,,,4397.066667,,
2025-11-17 23:45:00,,,,3812.133333,,
2025-11-18 0:00:00,,,,3230.733333,,
2025-11-18 0:15:00,,,,2865.733333,,
2025-11-18 0:30:00,,,,3530.666667,,
2025-11-18 0:45:00,,,,3935.266667,,
2025-11-18 1:00:00,,,,4363.933333,,
2025-11-18 1:15:00,,,,4269.866667,,
2025-11-18 1:30:00,,,,4574.8,,
2025-11-18 1:45:00,,,,4794.266667,,
2025-11-18 2:00:00,,,,4535.666667,,
2025-11-18 2:15:00,,,,4540.533333,,
2025-11-18 2:30:00,,,,3910.8,,
2025-11-18 2:45:00,,,,3882.133333,,
2025-11-18 3:00:00,,,,4219.6,,
2025-11-18 3:15:00,,,,4032,,
2025-11-18 3:30:00,,,,3284.333333,,
2025-11-18 3:45:00,,,,3105.266667,,
2025-11-18 4:00:00,,,,3158.466667,,
2025-11-18 4:15:00,,,,3215.933333,,
2025-11-18 4:30:00,,,,3246.2,,
2025-11-18 4:45:00,,,,3246.6,,
2025-11-18 5:00:00,,,,3075.8,,
2025-11-18 5:15:00,,,,2938.066667,,
2025-11-18 5:30:00,,,,3008.2,,
2025-11-18 5:45:00,,,,3278.133333,,
2025-11-18 6:00:00,,,,3191.733333,,
2025-11-18 6:15:00,,,,3031.733333,,
2025-11-18 6:30:00,,,,2964.466667,,
2025-11-18 6:45:00,,,,3089.2,,
2025-11-18 7:00:00,,,,3147.8,,
2025-11-18 7:15:00,,,,2720.333333,,
2025-11-18 7:30:00,,,,2858.866667,,
2025-11-18 7:45:00,,,,2960.066667,,
2025-11-18 8:00:00,,4314.166667,,2692.6,,
2025-11-18 8:15:00,,4245.4,,2303.266667,,
2025-11-18 8:30:00,,4639.666667,,2636.666667,,
2025-11-18 8:45:00,,4513.933333,,3116.333333,,
2025-11-18 9:00:00,,4979.866667,,2465.133333,,
2025-11-18 9:15:00,,5252.866667,,2611,,
2025-11-18 9:30:00,,4807.266667,,2509.6,,
2025-11-18 9:45:00,,4073.133333,,2477.2,,
2025-11-18 10:00:00,,3198.266667,,2477.866667,,
2025-11-18 10:15:00,,2762.933333,,2432.066667,,
2025-11-18 10:30:00,,2703.666667,,2313.133333,,
2025-11-18 10:45:00,,2608.666667,,2378.266667,,
2025-11-18 11:00:00,,2470.4,,2408.866667,,
2025-11-18 11:15:00,,2108.733333,,2330.333333,,
2025-11-18 11:30:00,,2142.933333,,2341.133333,,
2025-11-18 11:45:00,,1879.533333,,2484.8,,
2025-11-18 12:00:00,,1748.933333,,2623.8,,
2025-11-18 12:15:00,,1697.866667,,2711.8,,
2025-11-18 12:30:00,,2034.533333,,2585,,
2025-11-18 12:45:00,,1838.866667,,2696.666667,10916,
2025-11-18 13:00:00,,1611.066667,,2615.133333,11256.93333,
2025-11-18 13:15:00,,1427.4,,2487.6,13034.2,
2025-11-18 13:30:00,,1333,,2371,12034.4,
2025-11-18 13:45:00,,1236.266667,,2496.333333,12251.93333,
2025-11-18 14:00:00,,1249,,2470.2,12826.2,
2025-11-18 14:15:00,,1357.933333,,2498.4,12165.4,
2025-11-18 14:30:00,,1418.6,,2616.866667,12296.53333,
2025-11-18 14:45:00,,1475.6,,2849.733333,12050.46667,
2025-11-18 15:00:00,,1960.466667,,2757,12191.73333,
2025-11-18 15:15:00,,1930.733333,,2568.533333,12822.86667,
2025-11-18 15:30:00,,1920.733333,,2389.8,14543.93333,
2025-11-18 15:45:00,,1966.133333,,2326.333333,15407.33333,
2025-11-18 16:00:00,,1985.866667,,2457,14983.93333,
2025-11-18 16:15:00,,3609,,2638.733333,15028.33333,
2025-11-18 16:30:00,,5427.2,,2665.533333,15005.6,
2025-11-18 16:45:00,,2357.533333,,2703.333333,15187.78571,
2025-11-18 17:00:00,,2337.933333,,2666.133333,15025.13333,
2025-11-18 17:15:00,,2928.066667,,2740.933333,15187.73333,
2025-11-18 17:30:00,,2846.933333,,3072.133333,15341.4,
2025-11-18 17:45:00,,4425.933333,,3053.933333,15122.6,
2025-11-18 18:00:00,,3170.533333,,2768.8,14977.2,
2025-11-18 18:15:00,,3671.333333,,2606.6,14970.71429,
2025-11-18 18:30:00,,4469.6,,2496,14870.14286,
2025-11-18 18:45:00,,4793.866667,,2579.866667,14707.26667,
2025-11-18 19:00:00,,4320.266667,,2634.466667,15255.13333,
2025-11-18 19:15:00,,3134.866667,,2593,15096.6,
2025-11-18 19:30:00,,3411,,2703.266667,15400.4,
2025-11-18 19:45:00,,4038.8,,2608.266667,15343.93333,
2025-11-18 20:00:00,,4726.8,,2383.2,15163.13333,
2025-11-18 20:15:00,,4803.733333,,2341.066667,15455.92308,
2025-11-18 20:30:00,,6288.533333,,2508.6,15199.4,
2025-11-18 20:45:00,,5213.2,,2825.333333,15303.8,
2025-11-18 21:00:00,,4818.133333,,3066.866667,15527.66667,
2025-11-18 21:15:00,,4275.2,,3037.666667,15062.6,
2025-11-18 21:30:00,,4871.533333,,2993.333333,15051,
2025-11-18 21:45:00,,5443.266667,,3308.6,14926.93333,
2025-11-18 22:00:00,,5781.4,,3263.466667,15389.13333,
2025-11-18 22:15:00,,4574.533333,,4021.866667,15399.53333,
2025-11-18 22:30:00,,4569.2,,4170,15342.66667,
2025-11-18 22:45:00,,6043.133333,,4346.4,15417.73333,
2025-11-18 23:00:00,,6190.2,,4187,14931.73333,
2025-11-18 23:15:00,,6125.4,,4164.333333,15160.33333,
2025-11-18 23:30:00,,6220.733333,,4073.533333,15123.73333,
2025-11-18 23:45:00,,6113.133333,,4615.2,14690.4,
2025-11-19 0:00:00,,6540.2,,4420.066667,14367.4,
2025-11-19 0:15:00,5090.533333,6992.6,,4280,14176.46667,
2025-11-19 0:30:00,4878.666667,6533.666667,,4193.2,14293.33333,
2025-11-19 0:45:00,3892.066667,6003.2,,4209.2,14673.4,
2025-11-19 1:00:00,3318.466667,5325.866667,,4028,14329.66667,
2025-11-19 1:15:00,3328.6,4796.266667,,3903.333333,14395.73333,
2025-11-19 1:30:00,3111.066667,5584.666667,,4322.2,13818.66667,
2025-11-19 1:45:00,2978.6,5197,,3562.533333,13997.4,
2025-11-19 2:00:00,3429.2,5279.866667,,2800.8,13580.26667,
2025-11-19 2:15:00,3844.866667,5620.733333,,2547.2,13597.66667,
2025-11-19 2:30:00,4191.466667,5928.533333,,2247.6,13805.73333,
2025-11-19 2:45:00,4598,6314.133333,,2637.866667,13548.6,
2025-11-19 3:00:00,4740.333333,4169.933333,,3362.866667,14355.06667,
2025-11-19 3:15:00,4957.2,2571.733333,,3854.133333,14345.33333,
2025-11-19 3:30:00,5273.666667,1949.4,,3817.2,15040.2,
2025-11-19 3:45:00,4951.2,1938.6,,3946.933333,14536.13333,
2025-11-19 4:00:00,4540,1761.933333,,5046.733333,14563.26667,
2025-11-19 4:15:00,4623,2679.733333,,4281.333333,14911,
2025-11-19 4:30:00,4648.066667,3625.2,,4425.866667,14571.33333,
2025-11-19 4:45:00,4440.866667,3731.933333,,4966.066667,14338.46667,
2025-11-19 5:00:00,4423.2,3620,,4595,14735.06667,
2025-11-19 5:15:00,4355.933333,4411.533333,,4672.4,14526,
2025-11-19 5:30:00,4354.933333,5753.533333,,4749.8,15227.66667,
2025-11-19 5:45:00,4496.6,6203.133333,,5113.066667,15079.53333,
2025-11-19 6:00:00,4516.8,11091.26667,,4967.933333,14903.06667,
2025-11-19 6:15:00,4946.733333,7645.466667,,4805.4,14780.26667,
2025-11-19 6:30:00,5351.2,7023.333333,,5078.2,15352.66667,
2025-11-19 6:45:00,5338,7204.466667,,5162.666667,15345.86667,
2025-11-19 7:00:00,5512.6,7876.733333,,4839.066667,15188.33333,
2025-11-19 7:15:00,5849.666667,7456.6,,4596.4,14954.46667,
2025-11-19 7:30:00,5682,5129.466667,,4960.066667,14369.66667,
2025-11-19 7:45:00,5636.066667,5184.666667,,5193.666667,14854.66667,
2025-11-19 8:00:00,5945.6,5047.2,,5506.466667,15025.13333,
2025-11-19 8:15:00,6460.4,5689.866667,,5614.866667,15084.8,
2025-11-19 8:30:00,6451.8,4814,,6171.466667,14997.2,
2025-11-19 8:45:00,6277.4,4486.533333,,6203.6,15325.13333,
2025-11-19 9:00:00,5952.733333,3819.4,,6184.733333,14565.26667,
2025-11-19 9:15:00,6034.066667,3695.333333,,6266.933333,14883.53333,
2025-11-19 9:30:00,5992.8,4266.8,,5991.666667,14985.2,
2025-11-19 9:45:00,6219.4,4513,,5468.866667,15001.93333,
2025-11-19 10:00:00,6212.533333,4924.466667,,5140.466667,15395.33333,
2025-11-19 10:15:00,6144.733333,4307.266667,,5194.133333,14407.33333,
2025-11-19 10:30:00,6278.8,3729.266667,,5131,14953.73333,
2025-11-19 10:45:00,5917.2,3277.733333,,5398.866667,14253.06667,
2025-11-19 11:00:00,5836.666667,3487.2,,4836.266667,13798.73333,
2025-11-19 11:15:00,5569.733333,3689.4,,4608.8,14308.13333,
2025-11-19 11:30:00,5548.2,3515.333333,,4762.6,14181.26667,
2025-11-19 11:45:00,5585.533333,3642.666667,,4658.866667,14110.46667,
2025-11-19 12:00:00,5636.8,3667.2,,4469.933333,13761.73333,
2025-11-19 12:15:00,5192.8,4026.533333,,5315.066667,14759,
2025-11-19 12:30:00,5115.466667,4078.066667,,5818.266667,14763.8,
2025-11-19 12:45:00,4928.4,4013.4,,5499.066667,14247,
2025-11-19 13:00:00,4354.333333,4080.933333,,5378.333333,14174.8,
2025-11-19 13:15:00,4172.866667,4258,,5230.066667,14500.86667,
2025-11-19 13:30:00,4156.666667,4477.133333,,4679.466667,13937.13333,
2025-11-19 13:45:00,3882.2,5164.933333,,4347.333333,13493.46667,
2025-11-19 14:00:00,3453.733333,4874.6,,4337.466667,14213.6,
2025-11-19 14:15:00,3450.933333,4728.4,,4326.133333,14088.26667,
2025-11-19 14:30:00,3687,4575.133333,,4332.533333,14143.13333,
2025-11-19 14:45:00,3383.266667,4900.533333,,4299.133333,14427.6,
2025-11-19 15:00:00,3299,5382,,3790.933333,14633.66667,
2025-11-19 15:15:00,3436.133333,6160,,3989.4,14357.13333,
2025-11-19 15:30:00,3647.4,6235.8,,3854.8,14648.46667,
2025-11-19 15:45:00,3788.6,6327.933333,,3516.933333,14927.4,
2025-11-19 16:00:00,3804,6535.866667,,3544.4,14518.66667,
2025-11-19 16:15:00,4088.666667,6997.133333,,3403.666667,14516.53333,
2025-11-19 16:30:00,4468.866667,7114.066667,,3447.8,14592.33333,
2025-11-19 16:45:00,5304.466667,7144.266667,,3439.2,14496.86667,
2025-11-19 17:00:00,6830.866667,7138.066667,,3343.533333,14451.73333,
2025-11-19 17:15:00,7803.2,7181.8,,3423.6,14014.66667,
2025-11-19 17:30:00,8081.2,7269.866667,,3536.733333,14619.53333,
2025-11-19 17:45:00,8740.333333,7379,,3521.666667,13921.6,
2025-11-19 18:00:00,9933.866667,7690.4,,3660,14713.8,
2025-11-19 18:15:00,10603.13333,7749.733333,,3865.666667,14646.73333,
2025-11-19 18:30:00,9782.466667,7999.933333,,4112.8,14428.2,
2025-11-19 18:45:00,10167.53333,8159.266667,,4925.333333,14611.73333,
2025-11-19 19:00:00,9463,8059.133333,,5601.2,14916.6,
2025-11-19 19:15:00,10147.93333,8458,,6060.466667,14583.73333,
2025-11-19 19:30:00,10851.6,7816.866667,,6601.666667,14427.2,
2025-11-19 19:45:00,11589.6,7570.533333,,6691.333333,14530.33333,
2025-11-19 20:00:00,12529.86667,7012.666667,,6699.933333,14703.33333,
2025-11-19 20:15:00,13342.86667,6775.8,,6838.533333,15014.66667,
2025-11-19 20:30:00,13949.33333,6802.866667,,8012.2,14766.6,
2025-11-19 20:45:00,13572.26667,7396.133333,,7522.6,14853.33333,
2025-11-19 21:00:00,13353.66667,7981.466667,,6972.266667,16224.66667,
2025-11-19 21:15:00,13166.86667,7801.533333,,7380.933333,16212.46667,
2025-11-19 21:30:00,12921.13333,7764.266667,,6899.333333,16184.2,
2025-11-19 21:45:00,11720.86667,8009.666667,,6818.733333,16708.26667,
2025-11-19 22:00:00,11724.06667,8906.266667,,6918.333333,16758.53333,
2025-11-19 22:15:00,11043.8,9655.733333,,7065.133333,16770.26667,
2025-11-19 22:30:00,11107.46667,9378.666667,,7150.866667,16161.13333,
2025-11-19 22:45:00,11388.66667,10487.46667,,7681.933333,16909.86667,
2025-11-19 23:00:00,10478.93333,10266.46667,,9399.333333,16728.4,
2025-11-19 23:15:00,10299.86667,10638.93333,,9457.733333,16587.06667,
2025-11-19 23:30:00,10215.46667,9950.066667,,11660.53333,16285.8,
2025-11-19 23:45:00,10314.86667,12561.86667,,13259.6,16258.93333,
2025-11-20 0:00:00,10289.8,11906.06667,,11445,17447.46667,
2025-11-20 0:15:00,10144.46667,12451.6,,14567.53333,17768.66667,
2025-11-20 0:30:00,9599.266667,11977.13333,,14857.4,16309.66667,
2025-11-20 0:45:00,9637.133333,11240.2,,16094.06667,16229.46667,
2025-11-20 1:00:00,9686.866667,11739.46667,,16784.26667,16461.26667,
2025-11-20 1:15:00,13076.86667,11732.86667,,14057.73333,16584.4,
2025-11-20 1:30:00,16295.33333,10767.86667,,14013.93333,16375.26667,
2025-11-20 1:45:00,17108.73333,13178.86667,,14973.8,16255.4,
2025-11-20 2:00:00,15732.46667,11902.06667,,14469.6,15861.73333,
2025-11-20 2:15:00,13204.73333,13183.93333,,14221.73333,15681.93333,
2025-11-20 2:30:00,13216.4,12284.33333,,13123.6,15624,
2025-11-20 2:45:00,13051.2,11782.06667,,13602.2,15906.93333,
2025-11-20 3:00:00,13044,11793.8,,11455.93333,15660.73333,
2025-11-20 3:15:00,12485,10095.06667,,12512.86667,15802.73333,
2025-11-20 3:30:00,12721.6,9537.333333,,14413.26667,15865.6,
2025-11-20 3:45:00,12182.53333,7994.533333,,14450.53333,15426.13333,
2025-11-20 4:00:00,11982,7670.8,,12584.66667,15528.26667,
2025-11-20 4:15:00,12601.26667,6942.333333,,9590.8,14899.53333,
2025-11-20 4:30:00,12981.06667,5963.066667,,8027,14947.53333,
2025-11-20 4:45:00,13054.73333,6138.866667,,7515.733333,15584.06667,
2025-11-20 5:00:00,11934.26667,6539.466667,,6962,15231.13333,
2025-11-20 5:15:00,11279,6911.6,,6224.666667,15955.06667,
2025-11-20 5:30:00,11249.46667,6578.666667,,6021.8,14986.86667,
2025-11-20 5:45:00,12121.2,6533.466667,,6107.933333,15419.53333,
2025-11-20 6:00:00,12395.66667,6807.266667,,6669,15478.33333,
2025-11-20 6:15:00,12298.6,7682.466667,,7203.6,15736.06667,
2025-11-20 6:30:00,11965.66667,8372.4,,7352.466667,15431.2,
2025-11-20 6:45:00,11586.93333,8287.733333,,7677.333333,16106.06667,
2025-11-20 7:00:00,11263.93333,8770.533333,,9052.2,15681,
2025-11-20 7:15:00,11084.33333,8516.266667,,9671.933333,15253.4,
2025-11-20 7:30:00,10813.53333,7989.333333,,8981,14950.33333,
2025-11-20 7:45:00,10895.06667,8276.866667,,9227.333333,15396.66667,
2025-11-20 8:00:00,12025.8,8321.266667,,8476.333333,15501.53333,
2025-11-20 8:15:00,12881.26667,9108.6,,8605.466667,14711.6,
2025-11-20 8:30:00,13186.93333,9666.133333,,8550.733333,14864.8,
2025-11-20 8:45:00,13027.6,9794.533333,,8208.066667,15014.53333,
2025-11-20 9:00:00,12780.06667,9905.8,,8350.2,14871.93333,
2025-11-20 9:15:00,12746.2,9711.466667,,8748.133333,15340.8,
2025-11-20 9:30:00,12256.2,9993.666667,,9071.066667,15126.66667,
2025-11-20 9:45:00,11939.86667,9662.733333,,9438.533333,15378.13333,
2025-11-20 10:00:00,12687.66667,9303.466667,,9621.733333,15429.66667,
2025-11-20 10:15:00,12847.46667,9214.866667,,10040.73333,15422.33333,
2025-11-20 10:30:00,13053.26667,9580.666667,,9804.2,15534.26667,
2025-11-20 10:45:00,15370.06667,10322.93333,,9786.733333,15008.6,
2025-11-20 11:00:00,16228.53333,10257.2,,9726.6,15010.73333,
2025-11-20 11:15:00,15749.33333,11163.73333,,10079.06667,15254,
2025-11-20 11:30:00,15920.33333,10990.06667,,10089.73333,15422.46667,
2025-11-20 11:45:00,15824.2,10754.2,,9608.666667,15253.66667,
2025-11-20 12:00:00,14509.73333,10542.53333,,9196.866667,15474.26667,
2025-11-20 12:15:00,13080.8,9348.466667,,9102.2,15342.26667,
2025-11-20 12:30:00,12148.06667,8805.6,,8777.133333,15488.86667,
2025-11-20 12:45:00,12754.8,8724.733333,,8391.6,15469.8,
2025-11-20 13:00:00,13660.93333,8588.6,,8342.733333,15126.26667,
2025-11-20 13:15:00,12370.6,7409.2,,8268.066667,15586.13333,
2025-11-20 13:30:00,11612.66667,6689.466667,,8373.933333,15259.13333,
2025-11-20 13:45:00,10546.8,6946,,8417.733333,15249.06667,
2025-11-20 14:00:00,10587.6,6350.2,,8657.266667,15006.26667,
2025-11-20 14:15:00,10289.4,6098.133333,,8931,15343.53333,
2025-11-20 14:30:00,10151.73333,6348.2,,9031.8,15005.6,
2025-11-20 14:45:00,10671.46667,6775.733333,,9134.2,15740,
2025-11-20 15:00:00,10576.06667,7008.666667,,9428.266667,15531.66667,
2025-11-20 15:15:00,10627.93333,7305.733333,,9788.6,16116.06667,
2025-11-20 15:30:00,10494.2,6883.933333,,10205.2,15636.06667,
2025-11-20 15:45:00,11842.66667,6481.933333,,11752,15640.33333,
2025-11-20 16:00:00,13076.66667,6502.133333,,16061.13333,16107.13333,
2025-11-20 16:15:00,13094.53333,6647.6,,15089.13333,15901.86667,
2025-11-20 16:30:00,11348.2,6832.066667,,11172.6,15775.8,
2025-11-20 16:45:00,10584.66667,7186.066667,,11422.53333,16137.46667,
2025-11-20 17:00:00,10966.06667,8004.533333,,11420.2,15890.26667,
2025-11-20 17:15:00,11709.4,7942.266667,,11256.73333,16526.6,
2025-11-20 17:30:00,12555.06667,8346.6,,10627.8,17123.53333,
2025-11-20 17:45:00,12745.46667,7867.066667,,9948.333333,17351.06667,
2025-11-20 18:00:00,11747,8001.066667,10636,9444.333333,16655.6,
2025-11-20 18:15:00,11027.33333,8457.266667,10699.53333,9219.133333,16227.26667,
2025-11-20 18:30:00,10292.73333,9675.533333,10599.86667,9057.933333,16119.06667,
2025-11-20 18:45:00,9458.333333,9908.866667,10679.46667,8938.866667,16160.06667,
2025-11-20 19:00:00,8886,10347.4,10579.4,9323,16061.13333,
2025-11-20 19:15:00,8202.533333,10644.46667,10651.06667,9760.933333,16028.46667,
2025-11-20 19:30:00,8088.466667,11053.46667,10720.8,9728.266667,16222.93333,
2025-11-20 19:45:00,7892.933333,11531.73333,10542.33333,10125,16170,
2025-11-20 20:00:00,7988.8,11559.46667,10214.86667,10307,15908.73333,
2025-11-20 20:15:00,7079.571429,11645.06667,9576.6,10059.4,16267.2,
2025-11-20 20:30:00,3180.833333,11826.13333,9484.4,9786.333333,16021.93333,
2025-11-20 20:45:00,7012.8,11492.4,9044.933333,10221.93333,15919.26667,
2025-11-20 21:00:00,8550.666667,11825,8771.866667,10730.53333,15632.2,
2025-11-20 21:15:00,9114.6,12354.93333,8799.666667,10744.6,15439.93333,
2025-11-20 21:30:00,9236.8,12480,8601.2,10716,15628.66667,
2025-11-20 21:45:00,9124.2,12060.4,8294.666667,10603.33333,15654.13333,
2025-11-20 22:00:00,8767.533333,11788.2,7856.533333,10459.2,15455.6,
2025-11-20 22:15:00,8773.4,11081.46667,5789.2,10382.33333,16069.13333,
2025-11-20 22:30:00,8202.733333,11376.66667,4155.933333,10238.06667,16201.4,
2025-11-20 22:45:00,7923.4,11413.2,3819.8,10134.4,15412.73333,
2025-11-20 23:00:00,7722.733333,11486.53333,4043.133333,10037.6,15595.06667,
2025-11-20 23:15:00,7447.466667,11592.13333,4096.8,9852.2,15515.4,
2025-11-20 23:30:00,7097.933333,11896.2,3630.466667,9902.2,15461.13333,
2025-11-20 23:45:00,6955.6,12749.33333,3514.066667,9913.133333,14916.33333,
2025-11-21 0:00:00,7212.333333,12426.53333,3631.533333,9838.2,15070.86667,
2025-11-21 0:15:00,7698.133333,12590.53333,4262.533333,9450.6,14861,
2025-11-21 0:30:00,7849.2,12625.13333,5005.6,9330.2,14788.8,
2025-11-21 0:45:00,7734,12863.4,5808.333333,8895.466667,14858.33333,
2025-11-21 1:00:00,8046.533333,13749.06667,6570.533333,9182.466667,14964.86667,
2025-11-21 1:15:00,7871.6,14340.2,7491,9682.466667,14826.93333,
2025-11-21 1:30:00,8327.2,15155.46667,7693.866667,10294.86667,15010.26667,
2025-11-21 1:45:00,8958.933333,14425.53333,8026.333333,10262.53333,14988.2,
2025-11-21 2:00:00,8982.333333,13757.46667,8290.4,10402.2,15081.73333,
2025-11-21 2:15:00,8869.8,13600.6,8663.8,10271.06667,14877,
2025-11-21 2:30:00,8391.466667,14904.2,8671.533333,10549.66667,15087.93333,
2025-11-21 2:45:00,8108.866667,13161.8,8884.666667,12997.4,15070.86667,
2025-11-21 3:00:00,8196.4,9539.066667,8817.066667,12788.6,15084.66667,
2025-11-21 3:15:00,8276.066667,9323,8578.4,11548,15164.4,
2025-11-21 3:30:00,8598.4,8459.733333,8820.533333,10748.6,15636.8,
2025-11-21 3:45:00,8389.2,7232.6,9833.4,10810.66667,15769.2,
2025-11-21 4:00:00,8455.733333,6859.6,11258,12804.13333,16047.13333,
2025-11-21 4:15:00,8031.733333,6396.333333,11973.66667,13619.2,15833.8,
2025-11-21 4:30:00,7449.866667,5581,12172.8,13372.13333,15825.93333,
2025-11-21 4:45:00,6981.933333,5659.533333,12856.66667,13579.06667,14805.26667,
2025-11-21 5:00:00,6569.266667,5892.866667,12989.4,12068.26667,14363.8,
2025-11-21 5:15:00,6613,5959.266667,13107.4,12140.46667,13811.33333,
2025-11-21 5:30:00,7129,5503.866667,13422,8908.933333,13812.4,
2025-11-21 5:45:00,7547.133333,5279.466667,13138.46667,7327.8,13886.73333,
2025-11-21 6:00:00,8306.733333,4982.2,13407.2,8188.333333,13989.4,
2025-11-21 6:15:00,9260.933333,4312.466667,13364.26667,10294.6,14157.86667,
2025-11-21 6:30:00,10035.6,4224.866667,12563.4,7352.666667,14493.93333,
2025-11-21 6:45:00,11449.86667,3439.866667,12567.33333,6159.866667,14275.26667,
2025-11-21 7:00:00,12225.6,3292.333333,12564.6,5693.866667,14144.73333,
2025-11-21 7:15:00,11554.66667,2883,10843.2,7237.4,14662.6,
2025-11-21 7:30:00,11589.93333,3200.933333,10298.53333,8402.6,14666.2,
2025-11-21 7:45:00,11642.33333,2207.666667,10301.33333,8814.066667,14956.2,
2025-11-21 8:00:00,11473.2,1714.4,10105.4,8765.8,14873.4,
2025-11-21 8:15:00,11572.86667,1648.866667,9571.866667,9373.133333,14936.06667,
2025-11-21 8:30:00,11865.73333,1678.933333,8513.8,10038.13333,14619.33333,
2025-11-21 8:45:00,11932,1420.4,8221.333333,10085.53333,14296.66667,
2025-11-21 9:00:00,11639.2,1646.933333,7817,9836.533333,14350.8,
2025-11-21 9:15:00,11347.06667,1743.133333,7724.333333,9604.466667,14448.8,
2025-11-21 9:30:00,10914.73333,2144.2,7579.2,9797.466667,14362.66667,
2025-11-21 9:45:00,11104.8,4266.933333,7414.133333,9443.133333,14272.26667,
2025-11-21 10:00:00,11027.2,4130.133333,7115.933333,9173.933333,14252.06667,
2025-11-21 10:15:00,10422,3822.333333,6923.533333,8752.466667,13999.86667,
2025-11-21 10:30:00,9922.466667,3414.8,6670.6,8634.6,13759.66667,
2025-11-21 10:45:00,10267.6,3597.066667,6116.266667,8634.066667,13851.8,
2025-11-21 11:00:00,9874.6,3997.866667,5752.2,8531.266667,13757.66667,
2025-11-21 11:15:00,9313.2,4510.8,5249,9967,13679.66667,
2025-11-21 11:30:00,9482.066667,5836.133333,5407.733333,10048.86667,13734.4,
2025-11-21 11:45:00,9367.133333,7339.266667,5391.933333,9701,13883,
2025-11-21 12:00:00,9387,8039.266667,4981.4,10058.33333,13870.8,
2025-11-21 12:15:00,8850.466667,8097.8,4874.4,10496.6,13632,
2025-11-21 12:30:00,8807.866667,8284.066667,5095.333333,11311.2,14063.66667,
2025-11-21 12:45:00,8636.733333,8346.6,5280.066667,15223.93333,14074.73333,
2025-11-21 13:00:00,8963.666667,8870.733333,5364.8,14723.2,14034.93333,
2025-11-21 13:15:00,9557.066667,9091.4,5463.533333,13407,14480.73333,
2025-11-21 13:30:00,10356.2,9173,5574.666667,12918.53333,14996.06667,
2025-11-21 13:45:00,10627.93333,9676.8,6167.6,11048.66667,15658.66667,
2025-11-21 14:00:00,10697.33333,9480.4,6185.2,11647.86667,16369.06667,
2025-11-21 14:15:00,10738.53333,9533.666667,6713.133333,11753.93333,16558.13333,
2025-11-21 14:30:00,10932.46667,9616.6,7245.066667,12830,16271.6,
2025-11-21 14:45:00,12011.26667,9418.333333,7910.133333,10881.93333,16074.06667,
2025-11-21 15:00:00,12059.13333,9552.066667,8909.133333,11501.93333,15807.06667,
2025-11-21 15:15:00,11608.2,9070.8,9667.133333,10734.2,15620.93333,
2025-11-21 15:30:00,11791.06667,8897.2,9385.333333,10578.6,15485.4,
2025-11-21 15:45:00,12327.4,8992.666667,9167.133333,10310.4,15420.53333,
2025-11-21 16:00:00,11409.46667,8839,9316.466667,10102.6,15496.73333,
2025-11-21 16:15:00,10432.06667,8686.933333,9296.4,9324.733333,15513.86667,
2025-11-21 16:30:00,10301.4,9194.8,9414.733333,8969.866667,15498.46667,
2025-11-21 16:45:00,10360.8,8884.666667,9420.2,8957.666667,15408.2,
2025-11-21 17:00:00,10207.66667,8808.2,9636.2,8847.533333,15374.8,
2025-11-21 17:15:00,10152.06667,8758.266667,10075.13333,8870.466667,15313.46667,
2025-11-21 17:30:00,10041.33333,8964.6,10264.8,8870.666667,15107.8,
2025-11-21 17:45:00,10039.26667,8910.333333,10432,8873.333333,15151.13333,
2025-11-21 18:00:00,10068.46667,8812.666667,10667.6,8937.8,15127.13333,
2025-11-21 18:15:00,10193.4,8755.066667,10782.06667,8942.933333,15132,
2025-11-21 18:30:00,10254.06667,8695.466667,10761.4,8986.933333,15113.93333,
2025-11-21 18:45:00,10334.53333,8065.2,10985.26667,9171.733333,15210.4,
2025-11-21 19:00:00,10371.93333,7827.733333,10946,9224.333333,15134.6,
2025-11-21 19:15:00,10562.6,8408,10992.8,9107.933333,15085.26667,
2025-11-21 19:30:00,10809.86667,8108.733333,11268.26667,8986.933333,15043.53333,
2025-11-21 19:45:00,11138.26667,8053.866667,11633.93333,9124,15201.73333,
2025-11-21 20:00:00,11196.86667,9382.133333,11168.26667,9140,14856.93333,
2025-11-21 20:15:00,11307.73333,8982.4,11662.46667,9505.733333,14897.93333,
2025-11-21 20:30:00,11697.86667,8437.2,12271,9990.466667,14903.06667,
2025-11-21 20:45:00,11710.8,9731.333333,12434,10195.6,15174.2,
2025-11-21 21:00:00,11997.26667,11008.4,13539.66667,10244.4,15131.53333,
2025-11-21 21:15:00,12454.2,10690.46667,14365.4,10531.13333,15675.46667,
2025-11-21 21:30:00,12847.46667,10553.33333,17210.8,11126,16014.73333,
2025-11-21 21:45:00,14025.46667,10397.4,14744.4,10967.06667,16320.13333,
2025-11-21 22:00:00,14078.6,9770.066667,13357.13333,11025.6,16301.26667,
2025-11-21 22:15:00,14486.06667,9367.266667,14131.93333,11321.53333,16309.66667,
2025-11-21 22:30:00,14320.53333,11308.8,13745.26667,11878.8,16565.6,
2025-11-21 22:45:00,14538.53333,10272.06667,14231.33333,12454.06667,15853.86667,
2025-11-21 23:00:00,15107.4,10467.33333,14526.2,12944,16533.06667,
2025-11-21 23:15:00,14677.33333,10196.73333,14533.46667,13399,16814.93333,
2025-11-21 23:30:00,13632.13333,9929.4,15092.8,13931.73333,15997.66667,
2025-11-21 23:45:00,13235,9656.466667,15447,14101.33333,15858.93333,
2025-11-22 0:00:00,13954.26667,9274.4,15529,13052.86667,16129,
2025-11-22 0:15:00,13134.46667,8993.066667,15637.86667,12024.8,16152.06667,
2025-11-22 0:30:00,12271.53333,8176.133333,15057.33333,11810.86667,15944.73333,2959.285714
2025-11-22 0:45:00,13142.46667,6998,15214.46667,12371,15782.06667,2661.6
2025-11-22 1:00:00,13749,5868,13335,11418.33333,15445.6,3541.333333
2025-11-22 1:15:00,12348.2,5309.733333,12276.66667,9387.133333,15132.13333,3434.466667
2025-11-22 1:30:00,12356.6,4778.4,15302.06667,9536.066667,15001.53333,2587.466667
2025-11-22 1:45:00,12533.06667,4543.866667,15290.66667,9010.733333,14819.26667,2427.133333
2025-11-22 2:00:00,12285.8,4359.866667,12493.53333,8509.133333,14499.66667,2004.333333
2025-11-22 2:15:00,12481.4,3860.333333,11529.8,8232,14642.53333,2209.533333
2025-11-22 2:30:00,11945.26667,3993,11260.86667,7874.066667,14749.06667,2365.2
2025-11-22 2:45:00,9609,4838.933333,9849.8,7975.2,14286.46667,2741.933333
2025-11-22 3:00:00,8279.6,5674.666667,9093.4,8068.466667,14362.93333,3670.6
2025-11-22 3:15:00,8027.133333,6607.466667,9073.2,7945.933333,14136.46667,5194.733333
2025-11-22 3:30:00,7734.133333,6841.866667,9288.733333,7633.266667,14227.26667,6241.133333
2025-11-22 3:45:00,7296.866667,6877.066667,8741.533333,7175.2,14064.66667,7286.533333
2025-11-22 4:00:00,6650.933333,8284.6,8977.733333,6767.466667,14235.46667,7925.133333
2025-11-22 4:15:00,6609.8,8702.2,8951.2,6499.133333,14275.26667,8452.666667
2025-11-22 4:30:00,6824.333333,9005.466667,10222.06667,6566.533333,14247.33333,8720.266667
2025-11-22 4:45:00,8219.266667,8720.466667,10374.2,6513.933333,14312.8,8576.866667
2025-11-22 5:00:00,8983.933333,9682.333333,10671.6,6315.2,14079,9005.333333
2025-11-22 5:15:00,8833.6,9651.866667,10307.13333,6444.733333,14164.93333,8944.533333
2025-11-22 5:30:00,8908.333333,9682.4,10420.4,6662.733333,14212.4,8998.866667
2025-11-22 5:45:00,9208.666667,9990.866667,10555,7210.266667,14088.8,8481.733333
2025-11-22 6:00:00,9617.266667,9281.466667,11192.26667,7176.266667,14364.73333,8426.333333
2025-11-22 6:15:00,9526.866667,8863.2,11458.46667,6974.533333,14431.6,8326.133333
2025-11-22 6:30:00,10024.33333,8898,11295.26667,6987.266667,14378.26667,7965.866667
2025-11-22 6:45:00,10103.46667,8795.466667,11140.66667,7060.2,14487.53333,7938.133333
2025-11-22 7:00:00,10909.2,8966.4,11274.8,7005,14602,8394.933333
2025-11-22 7:15:00,10833,9150.133333,11569.46667,6966.133333,14570.06667,8382.533333
2025-11-22 7:30:00,11071.73333,9393.733333,11632.2,6957.733333,14416,7329.6
2025-11-22 7:45:00,11665.46667,9169.333333,11531.46667,7169.866667,14356.06667,7821.666667
2025-11-22 8:00:00,11853.46667,8397.066667,11447.6,7487.8,14373.2,7737.866667
2025-11-22 8:15:00,12099.86667,8078.466667,10611.73333,7716.466667,14666.06667,7974.733333
2025-11-22 8:30:00,11980.53333,8108.933333,9708.6,8219.4,14562.2,8283.4
2025-11-22 8:45:00,11277.26667,8183.2,8805.6,8578.533333,14717.53333,8744.8
2025-11-22 9:00:00,10854.26667,8336.733333,6696.666667,8706.466667,14740.06667,8654.066667
2025-11-22 9:15:00,10625.86667,8323.933333,8232.4,8852.466667,14965.4,8589.6
2025-11-22 9:30:00,10328.06667,8398,8233.2,8699.8,14632.73333,8759.8
2025-11-22 9:45:00,10241.6,8724.733333,7866.266667,8362.333333,14427.33333,9475.666667
2025-11-22 10:00:00,9344.6,8941.733333,6303.266667,7404.733333,14566.93333,9778.866667
2025-11-22 10:15:00,8569.933333,8300.8,4628.4,6948,14299.6,9748.733333
2025-11-22 10:30:00,8940.6,8272.933333,5563.533333,6258.2,14140.4,9296.733333
2025-11-22 10:45:00,8804.6,9030.533333,6014.066667,6063.133333,14444.06667,9116.866667
2025-11-22 11:00:00,8443.8,7845.2,5020.533333,5713.4,14571.13333,9841.466667
2025-11-22 11:15:00,8046.266667,6424.733333,4076.666667,5647.733333,14364.46667,9664
2025-11-22 11:30:00,7504,5761.866667,3856.666667,5537.266667,14590.8,8488.2
2025-11-22 11:45:00,6822.133333,4877.466667,3424.6,5383.6,14628.46667,8356.933333
2025-11-22 12:00:00,6245.066667,4568.6,2888.133333,5428.133333,14766.73333,6327.866667
2025-11-22 12:15:00,5751.666667,3741.066667,2599,5432.133333,14889.73333,5324.533333
2025-11-22 12:30:00,5028.4,2708.533333,2230.733333,5340,14418.33333,3887.6
2025-11-22 12:45:00,4584.4,2541.066667,3114.8,5136.933333,14435.26667,2506.066667
2025-11-22 13:00:00,4485.333333,2333.466667,3098,4877.666667,14434.93333,1983.266667
2025-11-22 13:15:00,4187.866667,2050.266667,2797.866667,4425.666667,14300.93333,1681.8
2025-11-22 13:30:00,4079.866667,1992.533333,2655.8,3699.466667,14185.4,1602.266667
2025-11-22 13:45:00,3571.4,2107.8,2390.6,3401,14010.4,1319.133333
2025-11-22 14:00:00,3121.466667,2194.866667,2067.4,3268.266667,14080.06667,1124.2
2025-11-22 14:15:00,3421,2103.6,1668.266667,3278.333333,14136.46667,1306.466667
2025-11-22 14:30:00,2972.933333,2462.066667,1644.933333,3267,13843.53333,1165.8
2025-11-22 14:45:00,2590.733333,2299.4,1647.333333,2998,13889.4,1642.6
2025-11-22 15:00:00,2182.733333,2075,1646.533333,2678.933333,13948.46667,1641.6
2025-11-22 15:15:00,2023.066667,2088,1507.2,2266.6,13745.6,1584.733333
2025-11-22 15:30:00,1899.6,1856.333333,1407.2,1904.4,13560.73333,1609.466667
2025-11-22 15:45:00,1873.2,1903.2,1416.533333,1765.666667,13658.6,1804.466667
2025-11-22 16:00:00,1770.2,2284.733333,1343.266667,1721.2,13648.53333,1852.066667
2025-11-22 16:15:00,1734.866667,2389.2,1240.733333,2097.933333,13505.8,1946.2
2025-11-22 16:30:00,1640.733333,2553.333333,1232.533333,1484.333333,13654.4,1894.4
2025-11-22 16:45:00,1522.133333,2834.666667,1256.466667,1868.333333,13339,1825.133333
2025-11-22 17:00:00,1512.933333,2771.933333,1134.733333,1672.733333,13449.66667,2028.333333
2025-11-22 17:15:00,1597.2,2338.466667,1129,1484.866667,13525.66667,2513.466667
2025-11-22 17:30:00,1639.066667,2041.4,1425.533333,1428.333333,13581.73333,2552.933333
2025-11-22 17:45:00,1630.8,2115.533333,1877.266667,1332.533333,13324.86667,2166.933333
2025-11-22 18:00:00,1877.333333,1940.466667,2036.066667,1301.533333,13544.6,2043.533333
2025-11-22 18:15:00,2269.533333,2019.8,1859.533333,1365.866667,13571.4,2467.866667
2025-11-22 18:30:00,4470.466667,3564.8,1233.466667,1682.866667,13432.33333,2718.733333
2025-11-22 18:45:00,7456.533333,2301.4,1317.466667,2134.933333,13497.6,2030.466667
2025-11-22 19:00:00,5313.866667,2154.8,1414.466667,1695.6,13657.6,1684.2
2025-11-22 19:15:00,3810.533333,3169.133333,1460,1702.866667,13598.6,1691.066667
2025-11-22 19:30:00,2694.266667,2268.4,1590.4,1730.133333,13342.13333,1769.933333
2025-11-22 19:45:00,3155.4,2367.933333,1709,2538.6,13459.73333,1924.466667
2025-11-22 20:00:00,5462.666667,2500.8,1625.333333,3344.2,13424.8,1905.933333
2025-11-22 20:15:00,6126.933333,2837,1688.6,3068.4,13470.26667,2130.866667
2025-11-22 20:30:00,9073.2,2986.866667,1735.266667,2072.266667,13571.86667,2337.866667
2025-11-22 20:45:00,3941.133333,3280.8,1847.333333,416.2,13780.4,2588.533333
2025-11-22 21:00:00,5274.8,3598.533333,1953.2,679.25,13929.8,2445.866667
2025-11-22 21:15:00,4875.866667,3693.133333,2100.266667,2419.571429,13803,2170
2025-11-22 21:30:00,7200.866667,3735.066667,1999.533333,3858.866667,13710.2,2313.733333
2025-11-22 21:45:00,7112.8,3602.333333,1834.266667,4358.533333,13990.4,2626.466667
2025-11-22 22:00:00,7463.6,3343.666667,1832.266667,5101.133333,14108.06667,2639.533333
2025-11-22 22:15:00,9662.466667,3311.333333,1873.4,5792.266667,14302.33333,2626.2
2025-11-22 22:30:00,10655,3369.533333,2366.8,5931.4,14390.6,2689.666667
2025-11-22 22:45:00,13311.86667,3873.733333,3002,6503.6,14214.46667,3225
2025-11-22 23:00:00,14264.33333,3484.866667,2815,6559.4,13846.73333,3134.333333
2025-11-22 23:15:00,13587.86667,3615.866667,2286.333333,7809.933333,14233.93333,3549.466667
2025-11-22 23:30:00,6554.733333,3399.6,1681.8,9715.866667,14468.6,4265.6
2025-11-22 23:45:00,6201.333333,3416.733333,1884.466667,7660.6,14536.8,3633.333333
2025-11-23 0:00:00,5612,3759.666667,2165.266667,7184.733333,15117.6,4468.933333
2025-11-23 0:15:00,6457.6,4067.8,2531.933333,7238.6,15039.53333,3732.8
2025-11-23 0:30:00,6368,4239.066667,2380.6,7729.733333,14613.13333,3794.933333
2025-11-23 0:45:00,5495.2,4163.6,2767.533333,7569,14694.8,4534
2025-11-23 1:00:00,5923.2,3959,2629.066667,7790.266667,14929,4318.666667
2025-11-23 1:15:00,9324.6,3672,2484.333333,7940.466667,15348.86667,4122.266667
2025-11-23 1:30:00,4811.733333,7326.933333,2640.333333,7996.666667,15122.46667,3983.2
2025-11-23 1:45:00,4392.4,6364.4,2315,6799.266667,15288.06667,4126.333333
2025-11-23 2:00:00,4235.933333,6442.2,2326.133333,6282.466667,14710.2,4453
2025-11-23 2:15:00,4187,10742.8,2359.4,7217.2,14431.2,5264.2
2025-11-23 2:30:00,3927,7305.6,2482.8,6985.866667,15065.8,5075.666667
2025-11-23 2:45:00,3986.533333,6895.533333,2535.666667,7528.2,14817.46667,4880.533333
2025-11-23 3:00:00,3653.866667,4805,2636.533333,6956.8,14559.86667,5025.866667
2025-11-23 3:15:00,3652.933333,5812.933333,2409,6160.066667,14865.73333,4879.266667
2025-11-23 3:30:00,4002.133333,5216,2543.4,7267.066667,15032.93333,4909.4
2025-11-23 3:45:00,4190.666667,5066.333333,2755.2,5869.733333,14588,4874
2025-11-23 4:00:00,4318.333333,5695.866667,3172.533333,5663.333333,15201.13333,4713.866667
2025-11-23 4:15:00,4513.266667,5305,3489.866667,5433.866667,14988.4,4661.933333
2025-11-23 4:30:00,4762.333333,5421.4,3965.733333,5101.066667,14445.93333,4579.4
2025-11-23 4:45:00,5135.733333,5472.933333,4345.133333,5031.2,14269.66667,4569.533333
2025-11-23 5:00:00,5506.466667,5299.6,4782.6,5118.266667,14540.13333,4829.266667
2025-11-23 5:15:00,5840.533333,5454.466667,5327.666667,5305.666667,14114.33333,6470.133333
2025-11-23 5:30:00,5995.866667,5101.533333,5773.733333,5447.8,14284.46667,7102.133333
2025-11-23 5:45:00,6321.8,5139.133333,6095,5506.266667,13764.4,6087.266667
2025-11-23 6:00:00,6719.6,5353.333333,6397.533333,5578.266667,14060.73333,5793.466667
2025-11-23 6:15:00,6939.8,5538.8,6650.8,5633.066667,13743.46667,5631.266667
2025-11-23 6:30:00,7057.333333,15002.4,6714.8,5760.266667,13895.53333,5614.733333
2025-11-23 6:45:00,7026.6,8885.066667,6625.666667,5792.733333,13925.73333,5708.6
2025-11-23 7:00:00,7139.466667,10709.6,6567.6,5866,14060.93333,5841.2
2025-11-23 7:15:00,7310.8,9703.933333,6289.333333,5910.066667,14199.06667,6005
2025-11-23 7:30:00,7048.533333,7726.4,5882.2,6034.8,14005.06667,5808.8
2025-11-23 7:45:00,6706.266667,6704.466667,5494.933333,6114.333333,14195.53333,5498.2
2025-11-23 8:00:00,6173.866667,6665,5094.866667,6257.466667,14186.53333,5124.933333
2025-11-23 8:15:00,5906.533333,5834.4,4835.266667,6022.133333,13762.26667,4516.133333
2025-11-23 8:30:00,5525.6,4762.2,4398.533333,5447.733333,14083.93333,4225.6
2025-11-23 8:45:00,5377.866667,4258.933333,3962.133333,4757.6,13575.73333,4014.533333
2025-11-23 9:00:00,5281.4,4043.066667,4100.2,4470.266667,13765,4087.666667
2025-11-23 9:15:00,5207.6,3818.466667,4314,4425.266667,13588.26667,3995.666667
2025-11-23 9:30:00,5145.866667,4131.933333,3806.666667,4449.466667,13584,4204.2
2025-11-23 9:45:00,5142.133333,4438.933333,2440.8,4468.066667,13731.8,4516.533333
2025-11-23 10:00:00,5162.933333,4484.533333,2183.8,4487.533333,13488.53333,4739.866667
2025-11-23 10:15:00,5126.2,4402.8,2022.6,4425.6,13865.73333,4608.933333
2025-11-23 10:30:00,4827.066667,4223.4,1892.666667,4240.933333,13899.86667,4299.133333
2025-11-23 10:45:00,4416.866667,4311.333333,2186.066667,3913.666667,13782.13333,4409.066667
2025-11-23 11:00:00,3723.2,3976.933333,2090.466667,3490.466667,13740.73333,4195.933333
2025-11-23 11:15:00,3329.2,3727.2,1814.933333,2831.733333,13644.93333,3775.8
2025-11-23 11:30:00,3047.666667,3358.266667,1289.133333,2694.733333,13578.06667,3399
2025-11-23 11:45:00,2822.266667,2978.866667,915.7333333,2518.866667,13612.2,2826.466667
2025-11-23 12:00:00,2447.466667,2347.866667,763,2345.666667,13712.53333,2378.8
2025-11-23 12:15:00,2079.933333,2021.133333,580.1333333,2001.6,13590.73333,2142.133333
2025-11-23 12:30:00,1839.8,1937.6,565.3333333,1838.866667,13745.46667,1764.933333
2025-11-23 12:45:00,1532.2,1819.733333,562.4,1562.333333,13533.53333,1725.066667
2025-11-23 13:00:00,1009.466667,1831.733333,568,1338.533333,13453.26667,1783.733333
2025-11-23 13:15:00,891.7333333,1411,466.5333333,1203.266667,13495.2,1411
2025-11-23 13:30:00,798.6666667,1349.8,425.2666667,909.0666667,13425.46667,1139.866667
2025-11-23 13:45:00,793.2666667,1286.266667,441,683.1333333,13486.8,997.4
2025-11-23 14:00:00,735.8666667,1064.533333,592.6666667,636.6,13505.86667,929.1333333
2025-11-23 14:15:00,652.8666667,873.2,686.6666667,612.9333333,13476.86667,995.9333333
2025-11-23 14:30:00,559.2,776,698.6666667,612.2,13652.33333,1171.666667
2025-11-23 14:45:00,610.7333333,695.6,729.3333333,542.2,13481.33333,688.2
2025-11-23 15:00:00,658.7333333,650.0666667,682.5333333,521.4,13379,944
2025-11-23 15:15:00,716.2,606.4666667,749.6666667,557.4,13447.73333,729.7333333
2025-11-23 15:30:00,707.4,631.7333333,816.9333333,546.9333333,13462.4,634.2666667
2025-11-23 15:45:00,917.8,639.8666667,779.2,586.8666667,13841.6,639.2666667
2025-11-23 16:00:00,1018.866667,615,814.6666667,638.5333333,13563.13333,693.8666667
2025-11-23 16:15:00,1009.2,644.4,841.0666667,824.7333333,13380.66667,706.2666667
2025-11-23 16:30:00,1210.2,947.9333333,830.4666667,847.6,13615.73333,741.6666667
2025-11-23 16:45:00,876.2666667,1539.466667,756.6,787.4666667,13275.6,770
2025-11-23 17:00:00,768.1333333,788.6666667,705,787.2666667,13341.53333,808.3333333
2025-11-23 17:15:00,815,743.4666667,728.2,789.7333333,13154.13333,792
2025-11-23 17:30:00,761,724.8,733.8666667,744.6666667,13154.26667,781.2
2025-11-23 17:45:00,841.8,754.7333333,707.8,1010.333333,13102.33333,797.4
2025-11-23 18:00:00,923.7333333,856.3333333,746.4,1188.533333,13315.86667,732.7333333
2025-11-23 18:15:00,933.2666667,1982.733333,839,1023.4,13044.06667,719.1333333
2025-11-23 18:30:00,983.1333333,2644,823.6,943.0666667,13305.33333,703.3333333
2025-11-23 18:45:00,1009.866667,3503,813.0666667,955.9333333,13045.73333,742.2
2025-11-23 19:00:00,1070.6,4277,747.3333333,959.6666667,13295.66667,776
2025-11-23 19:15:00,1069.333333,2500.4,734.9333333,1210.733333,13293.66667,767.2
2025-11-23 19:30:00,1099.333333,3057.466667,760.1333333,1121.733333,13197,826.2
2025-11-23 19:45:00,1124.466667,2134.133333,798.2666667,1103.4,13088.93333,861.0666667
2025-11-23 20:00:00,1166.933333,1884,828.8666667,1041.133333,13362.2,873.8666667
2025-11-23 20:15:00,1411.266667,1651.933333,865.1333333,961.4666667,13068.2,964.7333333
2025-11-23 20:30:00,1478.066667,1890.8,900.1333333,994.8,12774.13333,987.0666667
2025-11-23 20:45:00,1324.266667,2311.2,959,1013.533333,13105.73333,997.0666667
2025-11-23 21:00:00,1401,3171.933333,852.2,952.0666667,12947.66667,1125.2
2025-11-23 21:15:00,1418.733333,2626.6,955.1333333,963.4,13481.73333,1154.733333
2025-11-23 21:30:00,1304.133333,2831.733333,1011,979.1333333,13589.53333,1120.466667
2025-11-23 21:45:00,1347.333333,2405.4,998,1008.6,14151.46667,1119.866667
2025-11-23 22:00:00,1416.533333,3896.333333,1038.8,1059,14234.8,1299.533333
2025-11-23 22:15:00,1414.4,3577.666667,1085,1067.266667,13773.73333,1155.133333
2025-11-23 22:30:00,1430.333333,4046.466667,1052.933333,1105.133333,14190.46667,1102
2025-11-23 22:45:00,1553,3446.133333,1062.133333,1146.133333,14040.86667,1138.933333
2025-11-23 23:00:00,1583.8,3594.533333,1068.533333,1174.266667,14310.13333,1198.4
2025-11-23 23:15:00,1590.933333,3783.8,1081.2,1164.133333,13762.86667,1236.6
2025-11-23 23:30:00,1571.666667,4970.466667,1134.066667,1174.2,14249.33333,1251.466667
2025-11-23 23:45:00,1655.666667,4374.533333,1167.8,1193.133333,14184.33333,1249.733333
2025-11-24 0:00:00,1606.6,3316.466667,1160,1306.2,14288.06667,1348.8
2025-11-24 0:15:00,1596.466667,3064,1174.333333,1244.466667,14012.73333,1549.133333
2025-11-24 0:30:00,1652.066667,2547.866667,1195.333333,1207.133333,14517,1527.133333
2025-11-24 0:45:00,1585.666667,2492.266667,1223.266667,1168.066667,14778.46667,1481.8
2025-11-24 1:00:00,1641.733333,2515.266667,1256.333333,1223.466667,13619.4,1598.066667
2025-11-24 1:15:00,1584.733333,2605.8,1331.866667,1252.666667,13720.46667,1567.8
2025-11-24 1:30:00,1718.466667,2524.333333,1388.8,1441.2,14302.53333,1754.333333
2025-11-24 1:45:00,1660.4,2383.266667,1440.133333,1765.066667,14818.33333,1670.333333
2025-11-24 2:00:00,1698.6,2471.133333,1519.533333,2762.933333,14395.73333,1821.866667
2025-11-24 2:15:00,1743.933333,2342.666667,1591.2,2558.733333,14780.4,1829.4
2025-11-24 2:30:00,1724.266667,2338,1607.6,1884.666667,14299.33333,1867.066667
2025-11-24 2:45:00,1760.933333,2539.333333,1552.6,2388.666667,14475.8,1904.6
2025-11-24 3:00:00,1745.333333,3369.933333,1539.6,1854.4,14868.53333,1946.933333
2025-11-24 3:15:00,1795.2,3455.133333,1630.466667,2044.4,14847.8,1987.333333
2025-11-24 3:30:00,1861.133333,3141.133333,1653.866667,1997.933333,15186.8,1930.933333
2025-11-24 3:45:00,1868,2739.133333,1654.8,2766.266667,15131.26667,2120.866667
2025-11-24 4:00:00,1892.6,2338.466667,1746.066667,3715.8,15150.6,2051.2
2025-11-24 4:15:00,1835.6,2323.666667,1735.866667,2979.333333,15388.6,2066.666667
2025-11-24 4:30:00,1820.733333,2163.6,1817.2,2921.6,15106.86667,2143.8
2025-11-24 4:45:00,1909.933333,2021.866667,1866.533333,2262,15093.66667,2118.8
2025-11-24 5:00:00,1982.4,2000.866667,1966.733333,7332.666667,14903.33333,2003.266667
2025-11-24 5:15:00,2014.533333,1990,2110,7882.066667,15275.86667,1887.6
2025-11-24 5:30:00,2017.666667,1996.066667,2169.066667,6789.733333,15314.8,1864.133333
2025-11-24 5:45:00,2098.2,1960.4,2251.6,8244.933333,15436.26667,1986.6
2025-11-24 6:00:00,2090.266667,2092.4,2314.733333,7773.133333,14940,2075.2
2025-11-24 6:15:00,2045.2,2222.133333,2404.333333,6730.733333,15610.13333,1880.333333
2025-11-24 6:30:00,2087.933333,2135.333333,2448.2,6241.333333,15540.86667,2008.8
2025-11-24 6:45:00,2316.466667,2063.466667,2529.933333,6766.933333,15499,2018.933333
2025-11-24 7:00:00,2506.8,2274.4,2589.6,7673.066667,15362.73333,2041.8
2025-11-24 7:15:00,2499.666667,2071.133333,2821.533333,7224.666667,15229.33333,1991.4
2025-11-24 7:30:00,2556.333333,2143,2889.933333,6616.133333,15495.66667,1881.133333
2025-11-24 7:45:00,2543.4,2173.4,2947.066667,6616.666667,6969.733333,1760.4
2025-11-24 8:00:00,2538.133333,2075.933333,2803,5422.533333,6982.8,1800.2
2025-11-24 8:15:00,2553.666667,2490.733333,2621.066667,3506.866667,7715.866667,1756.533333
2025-11-24 8:30:00,2612,2999.2,2437.2,3484.133333,7707.6,2270.2
2025-11-24 8:45:00,2814.8,3903,2255.066667,3432.333333,8370.466667,1995.066667
2025-11-24 9:00:00,2810.066667,4390.133333,2052.933333,3244.533333,8335.533333,1826.466667
2025-11-24 9:15:00,2560.866667,3261.2,1913.266667,3538.533333,8383,2009.2
2025-11-24 9:30:00,2646.866667,3419.333333,1751.8,7170.666667,7526.133333,2282.133333
2025-11-24 9:45:00,2496.266667,4543.133333,1574.133333,9204.6,7735.866667,2067.066667
2025-11-24 10:00:00,2387,3578.8,1388.533333,8470.666667,5586.933333,1964.4
2025-11-24 10:15:00,2086.666667,3493.4,1165.6,8516.4,4185.266667,2181.533333
2025-11-24 10:30:00,1760.466667,1429.933333,1237.6,5088.533333,3851.066667,2033.6
2025-11-24 10:45:00,1616.333333,1002.714286,1489,3209.733333,3342.4,1798.4
2025-11-24 11:00:00,1513,,1570.466667,2799.133333,3519.133333,1663.666667
2025-11-24 11:15:00,1628.066667,,1632.266667,2463,4432.866667,1457.8
2025-11-24 11:30:00,1494.8,,1773.266667,2608.066667,4188.066667,1271.533333
2025-11-24 11:45:00,1378.8,,1981.333333,2164.333333,3279.866667,1194.2
2025-11-24 12:00:00,1410.333333,,2054.2,1730.266667,2953.666667,1139
2025-11-24 12:15:00,1328.733333,,1666.733333,1705.266667,2812.066667,1067.533333
2025-11-24 12:30:00,1194.066667,,1426.066667,2035.6,2827,979.0666667
2025-11-24 12:45:00,1156.533333,,1278.266667,2217.466667,2499.133333,926.4666667
2025-11-24 13:00:00,1045.133333,,993.2,2135.933333,2217.533333,930.6666667
2025-11-24 13:15:00,915.5333333,,1040.133333,2210.466667,2140.866667,942.8
2025-11-24 13:30:00,903.5333333,,1105.4,2059.866667,1873.6,801.2666667
2025-11-24 13:45:00,890.6,,968.2666667,1702.133333,1752.066667,771.2
2025-11-24 14:00:00,821.3333333,,928.4666667,1458.4,1646.466667,709.5333333
2025-11-24 14:15:00,1067.4,,929.5333333,1233.6,1441.466667,641.5333333
2025-11-24 14:30:00,909.7333333,,1033.8,1138.933333,1616.933333,611.4
2025-11-24 14:45:00,900.9333333,,1113.866667,953.2666667,1683.6,628.4
2025-11-24 15:00:00,870.5333333,,1183.533333,819,1731.6,605.1333333
2025-11-24 15:15:00,907.8,,1177.4,779.1333333,1309.4,616.9333333
2025-11-24 15:30:00,967,,1173.8,794.9333333,1025.333333,614.9333333
2025-11-24 15:45:00,1197.266667,,1231.2,1245.6,1046.6,641.4
2025-11-24 16:00:00,1351,,1298.133333,1127.466667,1018.8,585.8666667
2025-11-24 16:15:00,1562,,1530.2,1225.266667,937.8,578.4
2025-11-24 16:30:00,1672.133333,,1595.666667,1057.666667,944.6,600.3333333
2025-11-24 16:45:00,1619.266667,,1824.266667,976.2,966,596.6
2025-11-24 17:00:00,1499.2,,1647.066667,1027.733333,1041.333333,1603.066667
2025-11-24 17:15:00,1547.2,,1507.533333,985.1333333,1030.066667,4321.066667
2025-11-24 17:30:00,1714.333333,,1312.266667,1170,1178.066667,3484.933333
2025-11-24 17:45:00,1608.733333,,1234,1067.333333,1767.266667,2130.2
2025-11-24 18:00:00,1511.466667,,1211.4,1323.533333,2268.733333,1504.333333
2025-11-24 18:15:00,1564.2,,1145.266667,1371.933333,2162.733333,1424.4
2025-11-24 18:30:00,1504.6,,1112.466667,1440.8,2429.8,1376.6
2025-11-24 18:45:00,1458.066667,,1104.333333,1434.733333,2418.6,1250.666667
2025-11-24 19:00:00,1588.333333,,1196.333333,1179.666667,1786.133333,1107.733333
2025-11-24 19:15:00,1611.466667,,1340.533333,1342.333333,1759.133333,1324
2025-11-24 19:30:00,1752.8,,1294.2,1171.866667,1797.266667,2635
2025-11-24 19:45:00,2138.466667,,1185.6,1173.666667,1781.466667,1476.266667
2025-11-24 20:00:00,2234.666667,,1089.533333,1244.6,1861.533333,2262.2
2025-11-24 20:15:00,2175.6,,1112.733333,1318.8,2279.6,1984.333333
2025-11-24 20:30:00,2390.666667,,1201.266667,1251.6,2218.733333,1635.866667
2025-11-24 20:45:00,2480.133333,,1219.133333,1248.2,2117.466667,1743
2025-11-24 21:00:00,2207.666667,,1572.533333,1186.4,2153.133333,1416.4
2025-11-24 21:15:00,2158.666667,,1373.933333,1273.4,1941.8,1497.466667
2025-11-24 21:30:00,1977.8,,1421.133333,1243.333333,2221.8,1307.2
2025-11-24 21:45:00,2032,,1491.2,1471.933333,1824.8,1147.8
2025-11-24 22:00:00,2065.266667,,1531.866667,2019.866667,1849.933333,1117.466667
2025-11-24 22:15:00,2081.266667,,1540.866667,2327.333333,2374.933333,1272.933333
2025-11-24 22:30:00,1955.533333,,1621.133333,2013.266667,2310,1330.133333
2025-11-24 22:45:00,1825.266667,,1722.466667,1961.6,2318.6,1469.933333
2025-11-24 23:00:00,1732.733333,,1822.733333,2062.4,2357.333333,1381.333333
2025-11-24 23:15:00,1695.8,,2054.2,1738.2,2450,1394.866667
2025-11-24 23:30:00,1553.6,,2163.133333,1440.666667,2682.466667,1457.2
2025-11-24 23:45:00,1478.733333,,2207.733333,1454.6,2725,1581.133333
2025-11-25 0:00:00,1418,,2318.333333,1656.333333,3473.066667,1601.666667
2025-11-25 0:15:00,1284.133333,,2348.4,1489.533333,3022.533333,1534.133333
2025-11-25 0:30:00,1230.733333,,2380.333333,1419.533333,2981.333333,1573.266667
2025-11-25 0:45:00,1164.466667,,2372,1390.2,2995.066667,1560.666667
2025-11-25 1:00:00,1129.4,,2350.066667,1340.6,3127.666667,1578.4
2025-11-25 1:15:00,1114.866667,,2325.6,1289.333333,3082.266667,1667.133333
2025-11-25 1:30:00,1109.2,,2365.733333,1273.066667,3053.666667,2174.6
2025-11-25 1:45:00,1024.533333,,2373.666667,1338,3044.066667,1938.066667
2025-11-25 2:00:00,996.4666667,,2435.533333,1351.333333,3071.266667,1880.2
2025-11-25 2:15:00,985.2666667,,2354.666667,1327.933333,3077.533333,1899.533333
2025-11-25 2:30:00,992.4666667,,2260.4,1399.066667,2949.266667,1826.733333
2025-11-25 2:45:00,1006.2,,2261.933333,1130.066667,2837.266667,1723.4
2025-11-25 3:00:00,1026.2,,2261.466667,1031,2820.666667,1846.266667
2025-11-25 3:15:00,1036.666667,,2212.4,1033.933333,2724.333333,1955.133333
2025-11-25 3:30:00,1033.866667,,2100.266667,1642.2,2821.733333,1913.4
2025-11-25 3:45:00,1057.533333,,2235.8,1601.066667,2913,1901.6
2025-11-25 4:00:00,1045.6,,2421.733333,1707.4,2917.6,1833.666667
2025-11-25 4:15:00,1046.8,,2468.6,1684.266667,2901.533333,1863.333333
2025-11-25 4:30:00,1052.066667,,2262.533333,1586.066667,2920.4,1843.266667
2025-11-25 4:45:00,1075.2,,2093.733333,2257.4,3117.733333,1835.133333
2025-11-25 5:00:00,1059.266667,,2080.333333,1828.666667,3061.533333,1834.2
2025-11-25 5:15:00,1015.733333,,2047.466667,1638.2,3338.866667,1882.133333
2025-11-25 5:30:00,914.4,,2023.466667,1758.933333,3766.6,2023.466667
2025-11-25 5:45:00,888.0666667,,1917.266667,1680.933333,4305.8,1986.866667
2025-11-25 6:00:00,958.6,,1896.733333,1594.466667,4496.933333,1987.466667
2025-11-25 6:15:00,981.6666667,,1995,1254,5396.733333,1969.333333
2025-11-25 6:30:00,1034.533333,,2302.333333,1029.4,7139.666667,1988.933333
2025-11-25 6:45:00,1066.2,,2266.266667,1057.133333,8716,1814.133333
2025-11-25 7:00:00,1018.6,,2334.066667,1205,8698.066667,1749.666667
2025-11-25 7:15:00,934.6666667,,2537.8,1263.333333,8435.266667,1071.666667
2025-11-25 7:30:00,953.6,,2541.066667,1653,8285.666667,765.2
2025-11-25 7:45:00,937.2,,2177.4,1668.933333,8261.466667,856.3333333
2025-11-25 8:00:00,870.7333333,,1559.4,2136.8,7063.666667,951.3333333
2025-11-25 8:15:00,855.7333333,,1120.6,1783.933333,6592,925.5333333
2025-11-25 8:30:00,1015.6,,1202.933333,2957.066667,5960.466667,942.0666667
2025-11-25 8:45:00,1263.933333,,1201.933333,3309.866667,5440,948.9333333
2025-11-25 9:00:00,1400.333333,,1323.733333,3061.8,4207.8,978.3333333
2025-11-25 9:15:00,1476.8,,1575.133333,2213.533333,3426.2,1042.066667
2025-11-25 9:30:00,1451.333333,,1679.866667,1640.6,2957.733333,1101.8
2025-11-25 9:45:00,1467.333333,,1832.066667,1678.8,4806,1204.133333
2025-11-25 10:00:00,1560.466667,,1922.8,1563.466667,3284.466667,1254.933333
2025-11-25 10:15:00,1515.733333,,1948.733333,1573.266667,3376.933333,1283.533333
2025-11-25 10:30:00,1500.933333,,2044.466667,1575.933333,2944.066667,1328.733333
2025-11-25 10:45:00,1497.266667,,1855.733333,1729.2,2882.066667,1443.666667
2025-11-25 11:00:00,1563.133333,,1724.866667,1835.2,3465.333333,1502.133333
2025-11-25 11:15:00,1620.933333,,1781.2,1877.2,3895.733333,1548.6
2025-11-25 11:30:00,1610.8,,1754.4,2139.933333,3952.4,1554.866667
2025-11-25 11:45:00,1610.333333,,1686.466667,2302.2,4165,1542.8
2025-11-25 12:00:00,1754.466667,,1791.733333,2063.6,4960.466667,1538.2
2025-11-25 12:15:00,2003.4,,1817.466667,2070.266667,4985.2,1513.6
2025-11-25 12:30:00,2098.8,,1865.4,2143.4,5605.466667,1528.666667
2025-11-25 12:45:00,2141.866667,,1994.466667,2360.2,3787.466667,1617.533333
2025-11-25 13:00:00,2199.2,,2097.4,2419.733333,3528.6,1545.133333
2025-11-25 13:15:00,2243.733333,,2170.733333,2735.2,3566.8,1503.933333
2025-11-25 13:30:00,2280.8,,2257,2824.133333,3263.733333,1518.066667
2025-11-25 13:45:00,2340.266667,,2325.733333,3073.066667,3157.466667,1625.2
2025-11-25 14:00:00,2357.533333,,2317.733333,3986.266667,2985.133333,1739.533333
2025-11-25 14:15:00,2333.066667,,2317.066667,3521.8,2737.266667,1773.4
2025-11-25 14:30:00,2288.333333,,2285.866667,2722.4,2790.333333,1750.466667
2025-11-25 14:45:00,2266.333333,,2160.2,2246.4,2727.133333,1714.4
2025-11-25 15:00:00,2186.066667,,2094.733333,2176.733333,2651.4,1699.333333
2025-11-25 15:15:00,2154.533333,,1991.333333,2256.266667,2594.733333,1676.066667
2025-11-25 15:30:00,2155.4,,1952.4,2867.333333,2535.266667,1631.133333
2025-11-25 15:45:00,2140.666667,,1948.866667,3660.466667,2538.8,1594.133333
2025-11-25 16:00:00,2125.666667,,1927.8,3772.533333,2523,1568.8
2025-11-25 16:15:00,2166,,1956.2,3942.533333,,1490.6
2025-11-25 16:30:00,2170,,1989.733333,3773.266667,1128,1429.333333
2025-11-25 16:45:00,2204.666667,,2094.333333,3492.533333,2175,1386.133333
2025-11-25 17:00:00,2033.333333,,2249.066667,3626.4,,1472
2025-11-25 17:15:00,1970.8,,2320.6,3106.6,,1424.733333
2025-11-25 17:30:00,1874.533333,,2224.066667,3276.4,,1339.333333
2025-11-25 17:45:00,1999.933333,,2345.4,3625.466667,2808.3,1288.266667
2025-11-25 18:00:00,2210.333333,,2411.4,4114.8,3085.2,1323.466667
2025-11-25 18:15:00,2167.666667,,2448,3213.733333,3155.533333,1367.066667
2025-11-25 18:30:00,2281.533333,,2395.266667,2924.8,2950.2,1438.8
2025-11-25 18:45:00,2100.533333,,2608.466667,4126.466667,,1437.2
2025-11-25 19:00:00,2171.066667,,2518.266667,4095.2,,1388.2
2025-11-25 19:15:00,2138,,2294.466667,3622.066667,,1388.333333
2025-11-25 19:30:00,2129.133333,,2335.466667,3336.933333,2795.1,1292.933333
2025-11-25 19:45:00,2265.266667,,2266.133333,2623.4,2875.2,1238.4
2025-11-25 20:00:00,2299.066667,,2203.333333,2253.666667,2861,1224.533333
2025-11-25 20:15:00,2070.8,,2150.266667,2094.6,2782.6,1201.133333
2025-11-25 20:30:00,2047.6,,2282,1978.533333,2732.666667,1106.066667
2025-11-25 20:45:00,2108.133333,,2274.466667,1945.133333,2701.266667,1066.066667
2025-11-25 21:00:00,2032.066667,,2181.533333,1967.066667,2602.2,1020.333333
2025-11-25 21:15:00,1987.933333,,2277.133333,1888.866667,2452.6,1010.133333
2025-11-25 21:30:00,1820.133333,,2352.733333,1806.4,2440.8,1058.6
2025-11-25 21:45:00,2162.266667,,2046.066667,1742.266667,2480.8,1071.533333
2025-11-25 22:00:00,1735.333333,,1950.066667,1717.866667,2399.133333,1089.066667
2025-11-25 22:15:00,1733.733333,,1860.6,1667.8,2230.866667,1034.266667
2025-11-25 22:30:00,1739.733333,,1828,1590.4,2182.666667,1049.066667
2025-11-25 22:45:00,1663.933333,,1612.466667,1489.2,2169.4,1080.666667
2025-11-25 23:00:00,1599.866667,,1553.733333,1466.466667,2209.933333,1067.8
2025-11-25 23:15:00,1526.266667,,1566.6,1387.066667,2063.266667,1126.066667
2025-11-25 23:30:00,1587.466667,,1539.866667,1392.933333,1979.866667,1165.133333
2025-11-25 23:45:00,1645.266667,,1500.8,1666.266667,2118.8,1113.4
2025-11-26 0:00:00,1696.333333,,1395.133333,1532.066667,1941.933333,1017.666667
2025-11-26 0:15:00,1661.933333,,1399,1402.333333,1891.066667,872.4
2025-11-26 0:30:00,1588.066667,,1456.533333,1561.066667,1889.266667,811.2666667
2025-11-26 0:45:00,1559.466667,,1512.666667,1746.466667,1807.2,726.8
2025-11-26 1:00:00,1566.666667,,1424,1578.066667,1822.4,689.9333333
2025-11-26 1:15:00,1542.733333,,1392.933333,1552.133333,1814.933333,653.1333333
2025-11-26 1:30:00,1489.066667,,1496.066667,1642.533333,1773.6,669.5333333
2025-11-26 1:45:00,1433.2,,1678.933333,1516.2,1580.133333,647.5333333
2025-11-26 2:00:00,1408.733333,,1746.2,1543.733333,1607.733333,578.3333333
2025-11-26 2:15:00,1406.8,,1425.6,1300.333333,1692.6,610.7333333
2025-11-26 2:30:00,1396.533333,,1308.266667,1243.266667,1605,630
2025-11-26 2:45:00,1273.4,,1295.466667,1272.6,1369.733333,676.4666667
2025-11-26 3:00:00,1164.066667,,1186.866667,1384.2,1472.733333,673
2025-11-26 3:15:00,1167.733333,,1257.133333,1370.133333,1518.666667,700.2666667
2025-11-26 3:30:00,1226.933333,,1308.266667,1027.6,1455.933333,811.1333333
2025-11-26 3:45:00,1317.4,,1330.133333,1528.533333,1538.866667,820.8666667
2025-11-26 4:00:00,1416.6,,1381.266667,1083.2,1584.666667,813.8
2025-11-26 4:15:00,1420.2,,1379.866667,979,1697.933333,783.3333333
2025-11-26 4:30:00,1383.4,,1375.533333,903.4,1654.933333,930.6
2025-11-26 4:45:00,1397.133333,,1256.6,861.4,1563,850.8666667
2025-11-26 5:00:00,1374.933333,,1042.2,1056.6,1441,707.8
2025-11-26 5:15:00,1350.4,,1020.466667,1089.066667,1463,726.7333333
2025-11-26 5:30:00,1308.2,,939.7333333,1003.6,1516.466667,824.9333333
2025-11-26 5:45:00,1237.266667,,937.5333333,1112.133333,1521.333333,836.8
2025-11-26 6:00:00,1095.933333,,762.4,1105.333333,1298.8,829.8
2025-11-26 6:15:00,878.2666667,,827.7333333,745.8,1134.133333,880.0666667
2025-11-26 6:30:00,889.8666667,,873.3333333,851.2666667,1065.466667,898.1333333
2025-11-26 6:45:00,945.8,,903.8,1053.866667,1058.933333,726
2025-11-26 7:00:00,1036.866667,,857.2,1238.266667,1110.133333,775.0666667
2025-11-26 7:15:00,1107.4,,945.2666667,1344,1269.466667,753.0666667
2025-11-26 7:30:00,1276.933333,,939.4666667,1373.533333,1403.933333,757.5333333
2025-11-26 7:45:00,1286.866667,,965.6,1262.4,1540.466667,743.7333333
2025-11-26 8:00:00,1192.066667,,937.1333333,1492.066667,1457.466667,768.0666667
2025-11-26 8:15:00,1131.933333,,979.7333333,1218.6,1238.066667,759.6666667
2025-11-26 8:30:00,1132.933333,,954,1248.866667,1457.4,772.8
2025-11-26 8:45:00,1133.866667,,944.2,1031.8,1583.066667,1000.6
2025-11-26 9:00:00,1162.133333,,917.6666667,989.4,1325.4,971.1333333
2025-11-26 9:15:00,1265.266667,,933.8,944.7333333,1302.666667,1027.933333
2025-11-26 9:30:00,1285.933333,,965.8666667,949.2666667,1193.333333,1155.066667
2025-11-26 9:45:00,1256.066667,,879.3333333,1062.133333,1169.866667,1009.066667
2025-11-26 10:00:00,1272.066667,,893.8666667,975.9333333,1165.533333,935.8666667
2025-11-26 10:15:00,1233.266667,,868.4,981.5333333,1214.6,852.7333333
2025-11-26 10:30:00,1169.4,,781.2,978.5333333,1166.933333,716.0666667
2025-11-26 10:45:00,1084.933333,,667.8666667,926.6,1056.866667,590.7333333
2025-11-26 11:00:00,971.2,,558.3333333,845,1024.266667,496
2025-11-26 11:15:00,841.5333333,,568.6666667,742.3333333,892.2666667,441.5333333
2025-11-26 11:30:00,716.2,,581.2666667,681.4666667,738.1333333,429.4
2025-11-26 11:45:00,2546.933333,,755.2666667,574.6666667,708.8,399.2
2025-11-26 12:00:00,5832.266667,,1237.533333,672.4,904.5333333,405.2666667
2025-11-26 12:15:00,6849.266667,,1389.666667,812.0666667,1089.866667,511.3333333
2025-11-26 12:30:00,7587.533333,,1179.133333,954.0666667,1179.266667,514.5333333
2025-11-26 12:45:00,8389.266667,,1170,991.5333333,1177.266667,598.0666667
2025-11-26 13:00:00,8979.066667,,726.8666667,1031.066667,1017.066667,793.2666667
2025-11-26 13:15:00,7534.666667,,366.8,957.2,725.8,910.3333333
2025-11-26 13:30:00,6858.6,,298.5333333,727.4,637.1333333,719.8
2025-11-26 13:45:00,5651.866667,,291.3333333,526.4666667,513.9333333,486.3333333
2025-11-26 14:00:00,6122,,289.5333333,362,435.0666667,345.4666667
2025-11-26 14:15:00,5707.2,,290.5333333,290.2666667,352.9333333,260.2666667
2025-11-26 14:30:00,6101.066667,,298.9333333,277,346,290.4
2025-11-26 14:45:00,6035.466667,,243.9333333,262.1333333,342.3333333,260.0666667
2025-11-26 15:00:00,5919.266667,,295.7333333,276.7333333,290.4666667,297.6666667
2025-11-26 15:15:00,5948.533333,,217.8666667,282.5333333,304.1333333,457.8
2025-11-26 15:30:00,6263.533333,,244.9333333,284.6,292.2,316.3333333
2025-11-26 15:45:00,6863.533333,,301.8666667,255.8666667,294.0666667,337.3333333
2025-11-26 16:00:00,7854.133333,,250.1333333,253,303.9333333,328.4666667
2025-11-26 16:15:00,9812.666667,,197.6666667,236.7333333,269.4,220.2666667
2025-11-26 16:30:00,10414.53333,,212.2,201.4,244.4,222.8
2025-11-26 16:45:00,10414.8,,216.4666667,209.2,297.0666667,222.8666667
2025-11-26 17:00:00,10036.06667,,198.6666667,206.5333333,512.1333333,226.2
2025-11-26 17:15:00,10732.6,,198.6,226.8,364.3333333,232.9333333
2025-11-26 17:30:00,10328.8,,198.2666667,196.8,403,246.8666667
2025-11-26 17:45:00,9425.933333,,168.1333333,177.5333333,575.2666667,276.8
2025-11-26 18:00:00,9781.933333,,175.9333333,149.4,613.2,301.7333333
2025-11-26 18:15:00,9730,,186,150.6,457.2,321.8666667
2025-11-26 18:30:00,9114.466667,,170.8666667,157.2666667,469.0666667,336.5333333
2025-11-26 18:45:00,9358.333333,,163,163.7333333,574.1333333,336.9333333
2025-11-26 19:00:00,9220.666667,,165.9333333,176.9333333,529.1333333,357.5333333
2025-11-26 19:15:00,8694.866667,,156.4666667,184.6666667,688.2,363.6666667
2025-11-26 19:30:00,8939.2,,157.7333333,182.4,673.0666667,364.2
2025-11-26 19:45:00,8964.666667,,188.9333333,171.5333333,591.6,348.4
2025-11-26 20:00:00,9046.133333,,247.2666667,164.0666667,486.6,461.9333333
2025-11-26 20:15:00,8893.133333,,197.6666667,159.6,568.0666667,317.3333333
2025-11-26 20:30:00,8703.933333,,184.2666667,176.4,472.5333333,254.6666667
2025-11-26 20:45:00,8847.8,,167.4,179.8666667,408.9333333,245.6
2025-11-26 21:00:00,9031.533333,,162.4666667,158.4,359.7333333,221.8
2025-11-26 21:15:00,9110,,162.7333333,135.7333333,298,201.2666667
2025-11-26 21:30:00,9114.133333,,157.3333333,129.8666667,320.0666667,196.2666667
2025-11-26 21:45:00,8915.6,,146.4,136.0666667,328.4666667,217.8
2025-11-26 22:00:00,8670.2,,155.2666667,143.4,311.8,225.4
2025-11-26 22:15:00,9041.6,,164.6666667,158.6666667,301.3333333,256.6666667
2025-11-26 22:30:00,8758.333333,,159.1333333,170.2,278.6666667,290
2025-11-26 22:45:00,7889.266667,,161,166.4,250.2,219.1333333
2025-11-26 23:00:00,8378,,167,168,253.7333333,193.6
2025-11-26 23:15:00,8485.2,,180.1333333,180,233.8666667,190.5333333
2025-11-26 23:30:00,8192.666667,,185.1333333,183.8,241.9333333,184.9333333
2025-11-26 23:45:00,7982.466667,,192.4,189.7333333,219.8,254.8
2025-11-27 0:00:00,8662,,200.3333333,199.4666667,223.8666667,213
2025-11-27 0:15:00,8387.533333,,206.4,206.7333333,216.4666667,210.7333333
2025-11-27 0:30:00,8302.466667,,195.5333333,202.9333333,207.6666667,200.3333333
2025-11-27 0:45:00,8285.333333,,193.3333333,213.5333333,202.2666667,185.6
2025-11-27 1:00:00,8035.6,,203.7333333,227,205.4,190.6666667
2025-11-27 1:15:00,8063.666667,,214.6666667,220.2,222.6,186.7333333
2025-11-27 1:30:00,8078.8,,231.7333333,227,239.3333333,208.7333333
2025-11-27 1:45:00,8079.133333,,251.9333333,229.3333333,243.6666667,180.3333333
2025-11-27 2:00:00,7989.2,,264.1333333,244.4,231.6666667,176.2666667
2025-11-27 2:15:00,8068.333333,,252,250.0666667,224.2666667,178.9333333
2025-11-27 2:30:00,7786.666667,,258.7333333,251.5333333,220.9333333,185.2666667
2025-11-27 2:45:00,7836.533333,,292.8,231.3333333,231.9333333,192.5333333
2025-11-27 3:00:00,8216.133333,,300.2,224.1333333,232,190.8
2025-11-27 3:15:00,8257.533333,,297.9333333,228.4,235.4666667,197.2
2025-11-27 3:30:00,8425.666667,,295.6666667,240.0666667,237.7333333,213.8
2025-11-27 3:45:00,8474.133333,,291.0666667,234.2,239.8666667,244.0666667
2025-11-27 4:00:00,8631.333333,,299.0666667,223,227.4666667,253.2
2025-11-27 4:15:00,9175.666667,,344.8666667,233.3333333,236.2,256.2666667
2025-11-27 4:30:00,9745.533333,,365.3333333,231.6,238.1333333,257.0666667
2025-11-27 4:45:00,9530.066667,,413.4,250.3333333,259.6,274.2666667
2025-11-27 5:00:00,9845.666667,,387.2,270.9333333,307.7333333,282.1333333
2025-11-27 5:15:00,10013.06667,,318.6666667,281.3333333,353.8,306.1333333
2025-11-27 5:30:00,10550.86667,,301.3333333,311,338.5333333,309.4
2025-11-27 5:45:00,10554.46667,,301.8666667,377.6,295.4666667,324.6666667
2025-11-27 6:00:00,10086.86667,,306.5333333,322.4,285.2,340.5333333
2025-11-27 6:15:00,10621.73333,,307.7333333,290.5333333,285.2,342.7333333
2025-11-27 6:30:00,10636.8,,326.4,277.4,284.2666667,348.4
2025-11-27 6:45:00,10546,,409.3333333,284.7333333,280.2666667,355.1333333
2025-11-27 7:00:00,10682.6,,371.8,295.2,280.6,368.0666667
2025-11-27 7:15:00,10783.46667,,362,295.4666667,287.6666667,353.6
2025-11-27 7:30:00,10882.33333,,392.0666667,318.8,303,314.4666667
2025-11-27 7:45:00,10770.73333,,404.6666667,338.2666667,323.8,313.8666667
2025-11-27 8:00:00,10639.46667,,402.3333333,368.8666667,342.8666667,331
2025-11-27 8:15:00,10749.46667,,406.0666667,399.8666667,639.2666667,341.2
2025-11-27 8:30:00,10625.6,,414.2,398.8,560.1333333,358.7333333
2025-11-27 8:45:00,10562.6,,424.2666667,381,554.7333333,372.4
2025-11-27 9:00:00,10480.33333,,427.0666667,382.4666667,480.6,398
2025-11-27 9:15:00,10678.2,,393.6666667,415.6,623.1333333,447.8
2025-11-27 9:30:00,10529.73333,,359.9333333,412.0666667,666.6666667,435.6666667
2025-11-27 9:45:00,10766.8,,345,428,804.4666667,385.6
2025-11-27 10:00:00,10758.86667,,368.2666667,422.7333333,633.7333333,423.2
2025-11-27 10:15:00,10565.26667,,368.0666667,379,728.7333333,388.4
2025-11-27 10:30:00,10679.6,,337.3333333,367.5333333,758.4666667,383.4666667
2025-11-27 10:45:00,10392.8,,332.1333333,363.3333333,502.6,400.6
2025-11-27 11:00:00,10848.8,,317.4,329.8666667,499.4666667,433.6666667
2025-11-27 11:15:00,10302.13333,,307.6,296.6666667,536.4666667,416.0666667
2025-11-27 11:30:00,10685.66667,,312.0666667,283.8666667,429.4,441.0666667
2025-11-27 11:45:00,10559.26667,,292.8,347.6,416.2666667,436.4
2025-11-27 12:00:00,10754.13333,,283.8666667,321.8666667,806.9333333,403.9333333
2025-11-27 12:15:00,10617.53333,,346.6,355.3333333,475.2666667,401.6
2025-11-27 12:30:00,10710.2,,356.2666667,354.1333333,369,407.8666667
2025-11-27 12:45:00,10792.26667,,380.3333333,379.4666667,382.7333333,406.7333333
2025-11-27 13:00:00,10665.33333,,337.2666667,433.6,379.5333333,395.8
2025-11-27 13:15:00,10909.8,,325.3333333,504.2666667,334.6666667,405.7333333
2025-11-27 13:30:00,11225.73333,,296.0666667,485.3333333,311.8,449.9333333
2025-11-27 13:45:00,10126.6,,299.0666667,465.1333333,335.4,476.4
2025-11-27 14:00:00,10175.33333,,287.0666667,509.4,374.7333333,474.8
2025-11-27 14:15:00,10206.4,,337.3333333,437.5333333,348.4,461.4
2025-11-27 14:30:00,10282.53333,,372.6,540.2,355.4,421.3333333
2025-11-27 14:45:00,10599.86667,,387.1333333,495.2,335.8,411.7333333
2025-11-27 15:00:00,10311.73333,,390.4666667,449.5333333,337.0666667,421.6666667
2025-11-27 15:15:00,9701.133333,,400.6666667,448.1333333,348.4,391.7333333
2025-11-27 15:30:00,9836.666667,,435.5333333,398.6,350.2666667,412.8
2025-11-27 15:45:00,10109.73333,,441.9333333,362.9333333,382.0666667,420
2025-11-27 16:00:00,10376.8,,546.6,368.9333333,419.4666667,443.8
2025-11-27 16:15:00,10566.26667,,504.4,411.6,397.4,449.7333333
2025-11-27 16:30:00,10212.4,,493.7333333,422.5333333,398.6,440.9333333
2025-11-27 16:45:00,10203.53333,,498.6,478.0666667,389.3333333,462.3333333
2025-11-27 17:00:00,10060.8,,422.3333333,496.6,377.5333333,472.8
2025-11-27 17:15:00,10267.2,,500,517.3333333,357.8666667,468.7333333
2025-11-27 17:30:00,10684.2,,560.6,502.6,376.5333333,361.6666667
2025-11-27 17:45:00,10267.13333,,568.5333333,547,407.7333333,457.8
2025-11-27 18:00:00,9896,,602.4,597,464,594.2
2025-11-27 18:15:00,10096.6,,675.1333333,681.7333333,578.4666667,680.4
2025-11-27 18:30:00,9865.466667,,764.9333333,737.3333333,531.4666667,889.4
2025-11-27 18:45:00,9890.466667,,748.1333333,732,526.2666667,1627.8
2025-11-27 19:00:00,9436.866667,,732.2666667,682.4,527.8666667,1190.2
2025-11-27 19:15:00,9657.8,,656.2666667,659.2,574.6,629.2666667
2025-11-27 19:30:00,10546.33333,,713.1333333,987.6666667,506.5333333,589
2025-11-27 19:45:00,9937,,710,964.6,574.0666667,551.8
2025-11-27 20:00:00,,,614.6,868.8,566.9333333,541.1333333
2025-11-27 20:15:00,,,574.1333333,721.5333333,559,570.4666667
2025-11-27 20:30:00,,,532.9333333,635.8,567.8666667,580.1333333
2025-11-27 20:45:00,,,556.2666667,619.3333333,506.6666667,571.1333333
2025-11-27 21:00:00,,,466.7333333,547.6666667,777.1333333,630.3333333
2025-11-27 21:15:00,,,493.4,515.2666667,442.8,548.9333333
2025-11-27 21:30:00,,,525.1333333,494.5333333,635,483.6666667
2025-11-27 21:45:00,,,532.2,520.3333333,429.0666667,514.8666667
2025-11-27 22:00:00,,,547.4666667,543.2,421.7333333,552.5333333
2025-11-27 22:15:00,,,559.6,582,436.4666667,555.0666667
2025-11-27 22:30:00,,,581.4666667,613.6666667,451.7333333,525.7333333
2025-11-27 22:45:00,,,563.6,589.0666667,476.8666667,516.0666667
2025-11-27 23:00:00,,,543.6666667,569.4,449.6666667,520.8666667
2025-11-27 23:15:00,,,556.2,575.8666667,449.2,497
2025-11-27 23:30:00,,,573.7333333,588.3333333,438,512.8
2025-11-27 23:45:00,,,587.6666667,619.2666667,449.2,539.7333333
2025-11-28 0:00:00,,,595.5333333,623.2666667,463.8,469.5333333
2025-11-28 0:15:00,,,640.7333333,618.2,519.9333333,457.2666667
2025-11-28 0:30:00,,,627.6,599.4,535.6,425.5333333
2025-11-28 0:45:00,,,650.0666667,617.8666667,481.6666667,418
2025-11-28 1:00:00,,,656.3333333,635.6,508.1333333,404.1333333
2025-11-28 1:15:00,,,643.8666667,630.1333333,494,394.5333333
2025-11-28 1:30:00,,,601.4,585.0666667,501.9333333,403.6666667
2025-11-28 1:45:00,,,570.0666667,559,499.2,400.7333333
2025-11-28 2:00:00,,,520.3333333,521.7333333,459.5333333,393.9333333
2025-11-28 2:15:00,,,484.1333333,472.1333333,427.6,391.3333333
2025-11-28 2:30:00,,,473,457.6666667,366,414.2
2025-11-28 2:45:00,,,453.8666667,430.2666667,354.6666667,425.1333333
2025-11-28 3:00:00,,,449.2666667,447,353.6666667,449.8666667
2025-11-28 3:15:00,,,432.6,495.1333333,354.6,491.7333333
2025-11-28 3:30:00,,,416.2666667,519.8666667,351.4,562.6
2025-11-28 3:45:00,,,399.3333333,510.3333333,370.2666667,626.2
2025-11-28 4:00:00,,,441.2666667,539.2,391.1333333,673.8
2025-11-28 4:15:00,,,467.4,546.2666667,403.6666667,675.6
2025-11-28 4:30:00,,,427,593.1333333,400.6666667,675
2025-11-28 4:45:00,,,373.6,605,393.8666667,709.4
2025-11-28 5:00:00,,,358.2666667,521.9333333,369.2666667,722.2
2025-11-28 5:15:00,,,341.2,446.8666667,315.3333333,699.3333333
2025-11-28 5:30:00,,,327.2666667,422.7333333,298.4666667,717.8666667
2025-11-28 5:45:00,,,316.0666667,383.9333333,286.1333333,728.3333333
2025-11-28 6:00:00,,,308.0666667,388.4,288.7333333,725.1333333
2025-11-28 6:15:00,,,290.9333333,342.8,270.9333333,738.0666667
2025-11-28 6:30:00,,,304.4666667,374.8666667,255,719.0666667
2025-11-28 6:45:00,,,303.4,393.6,256.6666667,650
2025-11-28 7:00:00,,,330.4,389.2666667,259.2,619.2
2025-11-28 7:15:00,,,389.2666667,408.0666667,269.6,646.4666667
2025-11-28 7:30:00,,,430.0666667,427.2666667,302.8,624.1333333
2025-11-28 7:45:00,,,433,474.5333333,350.4666667,586.7333333
2025-11-28 8:00:00,,,532.7333333,548.8666667,380.1333333,546
2025-11-28 8:15:00,,,646.7333333,615.0666667,452.9333333,491.6666667
2025-11-28 8:30:00,,,533.6666667,613.5333333,508.6,438.3333333
2025-11-28 8:45:00,,,512.5333333,566.7333333,464.2,426.4
2025-11-28 9:00:00,,,461.1333333,560.7333333,437.3333333,398.0666667
2025-11-28 9:15:00,,,365.7333333,539.2666667,416.6666667,403.7333333
2025-11-28 9:30:00,,,290.3333333,506.9333333,387,391.0666667
2025-11-28 9:45:00,,,249.1333333,489.9333333,325,349.7333333
2025-11-28 10:00:00,,,286.4666667,496.3333333,280.3333333,352.1333333
2025-11-28 10:15:00,,,290.8666667,488.8666667,354.0666667,361.8666667
2025-11-28 10:30:00,,,270.0666667,439.2666667,346.1333333,315.2666667
2025-11-28 10:45:00,,,276.8666667,399.8,323.4,330.4
2025-11-28 11:00:00,,,265.2666667,373.1333333,277.0666667,320.3333333
2025-11-28 11:15:00,,,275.6666667,330.7333333,249.2666667,327.2666667
2025-11-28 11:30:00,,,271.6,338.2666667,222,318
2025-11-28 11:45:00,,,408.2,330.9333333,219.4666667,297.8
2025-11-28 12:00:00,,,267.4,297.0666667,240.3333333,310
2025-11-28 12:15:00,,,246.6,228.0666667,218.6666667,355.8
2025-11-28 12:30:00,,,243.6666667,213.8666667,202.6,339.2
2025-11-28 12:45:00,,,258.8666667,250.6666667,229.0666667,321.6666667
2025-11-28 13:00:00,,,278.2666667,214.1333333,216.8,277.7333333
2025-11-28 13:15:00,,,279.3333333,294.8666667,210.8666667,333.9333333
2025-11-28 13:30:00,,,285.3333333,408.1333333,218.3333333,252.1333333
2025-11-28 13:45:00,,,195.2666667,526.2,209.8,214.9333333
2025-11-28 14:00:00,,,174.7333333,564.1333333,181.8666667,200.4
2025-11-28 14:15:00,,,150.2,319.6666667,179.8666667,224.4666667
2025-11-28 14:30:00,,,160.2,234.2666667,145.4,224.6
2025-11-28 14:45:00,,,174.3333333,253.4,175.4,227.9333333
2025-11-28 15:00:00,,,214.7333333,247.2,161.2666667,251.7333333
2025-11-28 15:15:00,,,237.6,247.6666667,151.3333333,287.4666667
2025-11-28 15:30:00,,,191.3333333,272.7333333,176.2,268.0666667
2025-11-28 15:45:00,,,229.0666667,219.6666667,344.9333333,258.3333333
2025-11-28 16:00:00,,,287.5333333,304.1333333,1253.666667,
2025-11-28 16:15:00,,,168.7333333,1084.8,919.0666667,267.2142857
2025-11-28 16:30:00,,,214.8,349.6666667,772.2,258.6666667
2025-11-28 16:45:00,,,217.7333333,671.1333333,875.7333333,249.9333333
2025-11-28 17:00:00,,,236.3333333,457.3333333,409.4,245.3333333
2025-11-28 17:15:00,,,235.6666667,409.5333333,520.2,284.8
2025-11-28 17:30:00,,,307,366.1333333,414.0666667,356.4
2025-11-28 17:45:00,,,328.8666667,353.4666667,407.8,308.6
2025-11-28 18:00:00,,,341.2,646.9333333,435.5333333,322.7333333
2025-11-28 18:15:00,,,359.8,1192.466667,570.8,366
2025-11-28 18:30:00,,,360.3333333,1302.266667,1006.466667,400.1333333
2025-11-28 18:45:00,,,401.5333333,1306,555.8,484
2025-11-28 19:00:00,,,422.2666667,1783.933333,552.2,720.1333333
2025-11-28 19:15:00,,,440.8,2196.066667,822.1333333,539.9333333
2025-11-28 19:30:00,,,496,1097.933333,607.0666667,585.2
2025-11-28 19:45:00,,,534.6,705.4666667,541.4,450.0666667
2025-11-28 20:00:00,,,488,578.7333333,562.9333333,402.8
2025-11-28 20:15:00,,,445.5333333,560.7333333,553.0666667,375.4666667
2025-11-28 20:30:00,,,477.2,569.2,532.4666667,393.1333333
2025-11-28 20:45:00,,,620,726.1333333,535.4666667,405.6666667
2025-11-28 21:00:00,,,596.0666667,521.4,653.9333333,397.8666667
2025-11-28 21:15:00,,,594.6,517.9333333,571.2,425.5333333
2025-11-28 21:30:00,,,614.6666667,557.5333333,568.0666667,481.6666667
2025-11-28 21:45:00,,,577.4666667,533.2666667,677.5333333,461.4666667
2025-11-28 22:00:00,,,593.1333333,527.2666667,543.4666667,444.5333333
2025-11-28 22:15:00,,,571.2,519.7333333,511.5333333,447.6666667
2025-11-28 22:30:00,,,563.7333333,524.4666667,467.6,457.1333333
2025-11-28 22:45:00,,,581,531.5333333,455.7333333,467.2666667
2025-11-28 23:00:00,,,546.3333333,535.5333333,448.2,488.3333333
2025-11-28 23:15:00,,,553.3333333,538.4666667,442.4,494.5333333
2025-11-28 23:30:00,,,536.8,516.2,464.8666667,548
2025-11-28 23:45:00,,,573.8666667,505.0666667,459.4,551.8666667
2025-11-29 0:00:00,,,584.8,489.0666667,445.0666667,560.5333333
2025-11-29 0:15:00,,,610.3333333,507.2666667,440.7333333,616.6
2025-11-29 0:30:00,,,613.7333333,533,452.2666667,680.6
2025-11-29 0:45:00,,,629.4,580.0666667,477.7333333,703.6666667
2025-11-29 1:00:00,,,640.8666667,638.5333333,480.5333333,656.4
2025-11-29 1:15:00,,,637.2,570.2666667,496.6666667,637.8666667
2025-11-29 1:30:00,,,639.6,580.2666667,509.0666667,628
2025-11-29 1:45:00,,,638.4666667,594.8,515.6666667,664.6
2025-11-29 2:00:00,,,634.2666667,622.2,542.9333333,745
2025-11-29 2:15:00,,,631.6666667,640.7333333,559.9333333,759.9333333
2025-11-29 2:30:00,,,625.7333333,639.8666667,561.6,765.2
2025-11-29 2:45:00,,,630.2666667,639.7333333,533.6,781.7333333
2025-11-29 3:00:00,,,630.4,620.6666667,544.2,812.8666667
2025-11-29 3:15:00,,,631.6666667,600.7333333,522.8,1134.066667
2025-11-29 3:30:00,,,628.8,602.2666667,514.4666667,1103.133333
2025-11-29 3:45:00,,,629.8666667,595.6666667,512.2666667,1517.466667
2025-11-29 4:00:00,,,633.1333333,605.7333333,502.3333333,1099.266667
2025-11-29 4:15:00,,,615.4666667,634.9333333,522.1333333,1027.4
2025-11-29 4:30:00,,,608,596.3333333,555.5333333,1030.8
2025-11-29 4:45:00,,,608.4666667,614.3333333,559.9333333,1119.666667
2025-11-29 5:00:00,,,641.3333333,629,565.3333333,1171.866667
2025-11-29 5:15:00,,,671.9333333,603.7333333,575,1244.533333
2025-11-29 5:30:00,,,610.2,671.2666667,599.3333333,1212.133333
2025-11-29 5:45:00,,,634.2666667,692.4666667,591.7333333,1161.4
2025-11-29 6:00:00,,,650.4,633.8,591.9333333,1258.066667
2025-11-29 6:15:00,,,655.1333333,675.7333333,601,1926.6
2025-11-29 6:30:00,,,663.0666667,683.2,599.1333333,2753
2025-11-29 6:45:00,,,680.2666667,657.6666667,597.5333333,4033.466667
2025-11-29 7:00:00,,,680.2,679.6666667,619.5333333,3798.6
2025-11-29 7:15:00,,,689.9333333,703.3333333,630.8666667,4413.733333
2025-11-29 7:30:00,,,703.1333333,728.2,633.2666667,2906.066667
2025-11-29 7:45:00,,,718.3333333,819.2,644.8,2399.466667
2025-11-29 8:00:00,,,757.4666667,850.4,664.5333333,2400.133333
2025-11-29 8:15:00,,,581.6666667,871.6666667,636.2666667,3096.2
2025-11-29 8:30:00,,,548.5333333,821.2,558.6666667,2268.266667
2025-11-29 8:45:00,,,532.7333333,906.8,469.0666667,1710.8
2025-11-29 9:00:00,,,526.8,969.5333333,404.5333333,1223.333333
2025-11-29 9:15:00,,,643.4,1059.8,451,1371.933333
2025-11-29 9:30:00,,,437.4,907.6,486.4,1570
2025-11-29 9:45:00,,,356.6666667,839.3333333,541.4,1073.666667
2025-11-29 10:00:00,,,295.5333333,736.1333333,711.5333333,720.0666667
2025-11-29 10:15:00,,,236,655.0666667,687,557.7333333
2025-11-29 10:30:00,,,256.5333333,542.3333333,687,471.5333333
2025-11-29 10:45:00,,,528.8,560.3333333,950.0666667,410.7333333
2025-11-29 11:00:00,,,578.7333333,551.6,852,374.2
2025-11-29 11:15:00,,,374.9333333,571,738.2,423.4
2025-11-29 11:30:00,,,290,585.2666667,659,496.7333333
2025-11-29 11:45:00,,,247.4666667,676.2666667,640.0666667,476.8
2025-11-29 12:00:00,,,291.8,1062.4,808.5333333,426.0666667
2025-11-29 12:15:00,,,434.9333333,752.8666667,918.9333333,391.2
2025-11-29 12:30:00,,,625.6666667,753.7333333,727.1333333,394.2666667
2025-11-29 12:45:00,,,529.5333333,778.0666667,675.6,401.6666667
2025-11-29 13:00:00,,,513.2666667,655.2666667,810.4,399.6666667
2025-11-29 13:15:00,,,518.2,585.4,961.8,388.2
2025-11-29 13:30:00,,,540,599.0666667,835.4,394.6666667
2025-11-29 13:45:00,,,,624.9333333,787.2666667,388.4666667
2025-11-29 14:00:00,,,,633.4666667,779.4,371.2666667
2025-11-29 14:15:00,,,,628.6,832.6666667,380.8
2025-11-29 14:30:00,,,,656.6,823.5333333,481.7333333
2025-11-29 14:45:00,,,,730.4666667,743.2,423.3333333
2025-11-29 15:00:00,,,,697.2,727.4666667,458.0666667
2025-11-29 15:15:00,,,,731.2,725.7333333,443
2025-11-29 15:30:00,,,,786.6,756.6,422.9333333
2025-11-29 15:45:00,,,,808.3333333,825.1333333,395.4
2025-11-29 16:00:00,,,,895.6,830.0666667,408.6
2025-11-29 16:15:00,,,,909.2,863,495
2025-11-29 16:30:00,,,,999.8,894.7333333,583.4
2025-11-29 16:45:00,,,,1003.733333,943.0666667,531.4666667
2025-11-29 17:00:00,,,,1118.533333,962.8,515.7333333
2025-11-29 17:15:00,,,,1224.4,1049.333333,535.6666667
2025-11-29 17:30:00,,,,1275.8,1109.066667,710.4
2025-11-29 17:45:00,,,,1174.533333,1165.2,700.9333333
2025-11-29 18:00:00,,,,1107.2,1117.133333,735.3333333
2025-11-29 18:15:00,,,,1071.066667,1057,764.3333333
2025-11-29 18:30:00,,,,1073.066667,1008.266667,843.0666667
2025-11-29 18:45:00,,,,1043.866667,974.5333333,823.3333333
2025-11-29 19:00:00,,,,1026.8,973.1333333,822.2
2025-11-29 19:15:00,,,,1002.933333,965.1333333,836.6666667
2025-11-29 19:30:00,,,,954.8666667,906.8666667,892.2666667
2025-11-29 19:45:00,,,,1001,945,1005.8
2025-11-29 20:00:00,,,,1061.8,998.2666667,1221.333333
2025-11-29 20:15:00,,,,1126.4,1075,1050.6
2025-11-29 20:30:00,,,,1132.8,1028.933333,1054.933333
2025-11-29 20:45:00,,,,1165.533333,1043.066667,1075.8
2025-11-29 21:00:00,,,,1081.866667,3734.933333,1031.333333
2025-11-29 21:15:00,,,,935.2,3329.333333,714.8
2025-11-29 21:30:00,,,,816,1939.133333,629.2666667
2025-11-29 21:45:00,,,,855.9333333,1768.933333,608.8
2025-11-29 22:00:00,,,,1039,1840.571429,549.3333333
2025-11-29 22:15:00,,,,786,,507.6666667
2025-11-29 22:30:00,,,,712.2666667,,487.5333333
2025-11-29 22:45:00,,,,886.2,1654.25,501.9333333
2025-11-29 23:00:00,,,,948.1333333,1614.6,513.0666667
2025-11-29 23:15:00,,,,674.2,1740.266667,491.3333333
2025-11-29 23:30:00,,,,719.7333333,1844.533333,529
2025-11-29 23:45:00,,,,713.3333333,1421.2,526.5333333
2025-11-30 0:00:00,,,,657.8,1300.466667,519.5333333
2025-11-30 0:15:00,,,,689.9333333,1888.333333,556.0666667
2025-11-30 0:30:00,,,,669.8,1592.333333,502.2
2025-11-30 0:45:00,,,,635.6666667,1868.866667,444.2
2025-11-30 1:00:00,,,,610.2666667,1228.6,395.5333333
2025-11-30 1:15:00,,,,595.6666667,1496.2,367.6
2025-11-30 1:30:00,,,,591.4666667,1535.266667,371.2
2025-11-30 1:45:00,,,,591.2666667,1429.133333,381.4666667
2025-11-30 2:00:00,,,,574.9333333,1286.8,376.6
2025-11-30 2:15:00,,,,575.4666667,1131,338.1333333
2025-11-30 2:30:00,,,,613.7333333,908.4666667,341.2
2025-11-30 2:45:00,,,,686.3333333,828.6666667,330.7333333
2025-11-30 3:00:00,,,,610.0666667,652.9333333,330.0666667
2025-11-30 3:15:00,,,,574.9333333,559.5333333,336.6666667
2025-11-30 3:30:00,,,,402.9333333,667.2,339.8666667
2025-11-30 3:45:00,,,,384.7333333,970.4,340.6
2025-11-30 4:00:00,,,,381.1333333,775.3333333,345.7333333
2025-11-30 4:15:00,,,,381.3333333,912.1333333,337.6666667
2025-11-30 4:30:00,,,,385,1028.333333,335.2666667
2025-11-30 4:45:00,,,,388,1385.866667,341.2
2025-11-30 5:00:00,,,,482.8666667,770.5333333,333
2025-11-30 5:15:00,,,,966.9333333,604.6,345.3333333
2025-11-30 5:30:00,,,,375.8666667,578.1333333,391.4
2025-11-30 5:45:00,,,,359.3333333,936.6,396.0666667
2025-11-30 6:00:00,,,,360.2,583.0666667,405.6
2025-11-30 6:15:00,,,,390.7333333,593.4,404.0666667
2025-11-30 6:30:00,,,,619.9333333,627.1333333,423.2
2025-11-30 6:45:00,,,,795.6666667,580.6666667,419.4666667
2025-11-30 7:00:00,,,,606.4666667,562.4,416.4
2025-11-30 7:15:00,,,,488.3333333,518.4,415.5333333
2025-11-30 7:30:00,,,,659.3333333,526.0666667,423.5333333
2025-11-30 7:45:00,,,,678.2,564.5333333,434.4
2025-11-30 8:00:00,,,,584.5333333,532.6666667,432.0666667
2025-11-30 8:15:00,,,,809,532.4,437.2666667
2025-11-30 8:30:00,,,,618.4666667,505.0666667,445.9333333
2025-11-30 8:45:00,,,,506.4,535.0666667,460.8
2025-11-30 9:00:00,,,,477.8,614.3333333,468.2
2025-11-30 9:15:00,,,,472.3333333,694.7333333,451.6428571
2025-11-30 9:30:00,,,,475.5333333,658.2,
2025-11-30 9:45:00,,,,468.8,720.9333333,
2025-11-30 10:00:00,,,,444.4,613.1333333,
2025-11-30 10:15:00,,,,437.2,701.2,
2025-11-30 10:30:00,,,,430.8,685.3333333,
2025-11-30 10:45:00,,,,419.1333333,636,
2025-11-30 11:00:00,,,,395.8666667,625.6,
2025-11-30 11:15:00,,,,363.5333333,611.1333333,
2025-11-30 11:30:00,,,,316.0666667,521,
2025-11-30 11:45:00,,,,343.3333333,517.7333333,
2025-11-30 12:00:00,,,,305.6,471.1333333,
2025-11-30 12:15:00,,,,278.0666667,415.8,
2025-11-30 12:30:00,,,,288,480.4666667,
2025-11-30 12:45:00,,,,326.6666667,547.4666667,
2025-11-30 13:00:00,,,,216.4666667,462.2,
2025-11-30 13:15:00,,,,203.2,351.4666667,
2025-11-30 13:30:00,,,,192.1333333,399.7333333,
2025-11-30 13:45:00,,,,181.5333333,348.9333333,
2025-11-30 14:00:00,,,,193.4,436.9333333,
2025-11-30 14:15:00,,,,315.3333333,616.9333333,
2025-11-30 14:30:00,,,,545.5333333,757.1333333,
2025-11-30 14:45:00,,,,622.7333333,1124.8,
2025-11-30 15:00:00,,,,773.7333333,1424,
2025-11-30 15:15:00,,,,1057,1113.466667,
2025-11-30 15:30:00,,,,1002.666667,1057.2,
2025-11-30 15:45:00,,,,850.0666667,1063.466667,
2025-11-30 16:00:00,,,,825.1333333,1112.2,
2025-11-30 16:15:00,,,,857.7333333,2336.733333,
2025-11-30 16:30:00,,,,904.5333333,1788.8,
2025-11-30 16:45:00,,,,953.7333333,1673.2,
2025-11-30 17:00:00,,,,1005.8,2476.5,
2025-11-30 17:15:00,,,,1086.466667,,
2025-11-30 17:30:00,,,,1029.4,,
2025-11-30 17:45:00,,,,1044.266667,,
2025-11-30 18:00:00,,,,1091.133333,,
2025-11-30 18:15:00,,,,1114,,
2025-11-30 18:30:00,,,,1068.133333,,
2025-11-30 18:45:00,,,,892.4666667,,
2025-11-30 19:00:00,,,,130,,
2025-11-30 19:15:00,,,,,,
2025-11-30 19:30:00,,,,,,
2025-11-30 19:45:00,,,,,,
2025-11-30 20:00:00,,,,,,
2025-12-02 0:00:00,,,,,,240